x,y,z,position
-3.75,2.4,85.54,0
-4.8,1.41,85.0,0
-4.48,1.79,85.17,0
-4.81,1.85,84.85,0
-4.48,2.16,85.02,0
-3.95,1.79,85.67,0
-2.36,2.21,86.77,0
-3.43,2.23,85.9,0
-3.5,2.39,85.76,0
-4.35,1.76,85.31,0
-4.44,1.85,85.19,0
-4.04,1.75,85.6,0
-4.01,1.77,85.61,0
-4.26,2.35,85.13,0
-5.07,2.22,84.47,0
-4.47,2.4,84.93,0
-4.45,2.48,84.91,0
-4.42,2.68,84.83,0
-4.03,2.76,85.11,0
-4.35,2.49,84.99,0
-3.87,2.66,85.3,0
-4.16,2.06,85.36,0
-4.73,2.49,84.65,0
-4.53,2.68,84.74,0
-4.54,2.54,84.79,0
-4.42,2.75,84.79,0
-3.99,2.45,85.32,0
-4.21,2.58,85.06,0
-4.37,2.78,84.82,0
-4.17,2.65,85.06,0
-3.82,3.1,85.08,0
-3.82,2.65,85.35,0
-3.79,2.8,85.29,0
-3.68,2.31,85.66,0
-3.82,2.9,85.2,0
-3.58,3.22,85.18,0
-3.62,2.46,85.62,0
-3.33,3.09,85.45,0
-3.74,2.89,85.27,0
-3.15,3.61,85.2,0
-2.58,2.66,86.29,0
-3.09,2.72,85.88,0
-2.22,2.93,86.32,0
-2.51,2.84,86.2,0
-3.12,3.03,85.65,0
-3.25,3.28,85.38,0
-3.07,3.36,85.44,0
-2.93,3.47,85.46,0
-3.94,3.08,85.0,0
-3.64,2.8,85.41,0
-3.07,2.64,85.95,0
-3.21,1.77,86.33,0
-3.29,2.98,85.56,0
-3.06,2.83,85.83,0
-2.83,3.17,85.75,0
-2.56,3.02,86.04,0
-2.67,3.01,85.98,0
-2.62,3.38,85.72,0
-3.39,3.0,85.47,0
-3.4,2.46,85.81,0
-3.22,2.67,85.82,0
-3.18,2.84,85.73,0
-3.03,2.77,85.89,0
-2.84,2.63,86.13,0
-2.62,2.86,86.12,0
-2.9,2.41,86.23,0
-3.16,2.7,85.84,0
-2.7,3.01,85.95,0
-2.51,2.99,86.09,0
-2.91,2.88,85.9,0
-2.62,2.89,86.1,0
-3.14,2.53,85.96,0
-3.72,3.05,85.19,0
-3.75,3.53,84.84,0
-3.18,3.33,85.39,0
-3.32,3.42,85.23,0
-3.53,3.54,85.0,0
-3.28,3.31,85.34,0
-2.67,3.24,85.8,0
-2.8,2.78,86.05,0
-2.11,2.44,86.77,0
-2.51,2.55,86.42,0
-2.5,2.54,86.43,0
-3.45,2.35,85.83,0
-3.43,2.43,85.8,0
-3.52,2.7,85.56,0
-2.86,2.75,86.03,0
-2.54,2.53,86.41,0
-3.14,2.84,85.77,0
-2.85,2.91,85.92,0
-2.55,3.11,85.97,0
-3.19,2.88,85.7,0
-2.68,3.42,85.65,0
-3.34,2.89,85.58,0
-3.53,3.15,85.27,0
-2.98,2.74,85.95,0
-3.85,2.96,85.14,0
-3.21,3.01,85.59,0
-3.44,3.05,85.4,0
-3.23,2.83,85.7,0
-3.17,2.59,85.91,0
-2.99,2.63,86.01,0
-2.93,2.74,85.99,0
-2.63,3.11,85.93,0
-2.8,2.79,86.04,0
-2.75,3.17,85.8,0
-2.88,2.85,85.95,0
-2.62,2.92,86.08,0
-2.79,2.6,86.19,0
-2.48,2.85,86.22,0
-3.08,2.63,85.95,0
-2.79,2.75,86.08,0
-3.58,2.5,85.64,0
-4.15,2.99,84.89,0
-3.71,2.84,85.33,0
-3.06,2.92,85.77,0
-2.91,2.79,85.97,0
-2.63,2.63,86.27,0
-3.18,3.04,85.6,0
-2.48,2.78,86.28,0
-2.7,2.81,86.1,0
-2.88,3.01,85.84,0
-2.25,2.84,86.38,0
-2.43,2.84,86.26,0
-2.39,3.17,86.03,0
-3.04,2.94,85.77,0
-2.33,2.53,86.56,0
-2.28,2.58,86.55,0
-3.08,2.2,86.21,0
-3.55,2.3,85.77,0
-3.43,2.53,85.74,0
-3.33,2.71,85.7,0
-2.87,2.77,86.01,0
-2.45,2.59,86.43,0
-2.19,2.65,86.56,0
-2.74,2.46,86.32,0
-2.11,2.36,86.83,0
-2.66,1.89,86.74,0
-3.07,2.55,86.01,0
-2.7,2.29,86.46,0
-2.74,1.98,86.62,0
-2.89,2.47,86.2,0
-2.48,2.4,86.55,0
-2.69,2.37,86.41,0
-2.81,2.61,86.16,0
-3.02,3.02,85.72,0
-2.87,2.88,85.93,0
-2.57,2.63,86.32,0
-2.93,2.6,86.08,0
-2.91,2.55,86.13,0
-3.24,2.92,85.64,0
-2.52,2.64,86.35,0
-3.46,2.76,85.57,0
-3.11,2.79,85.82,0
-2.97,2.61,86.05,0
-3.26,2.58,85.84,0
-3.16,2.75,85.81,0
-3.3,2.49,85.87,0
-2.93,2.98,85.82,0
-2.88,2.43,86.23,0
-2.96,2.87,85.88,0
-2.41,2.96,86.18,0
-2.51,2.5,86.46,0
-2.46,2.79,86.28,0
-3.52,2.16,85.87,0
-2.44,2.73,86.34,0
-2.3,3.07,86.16,0
-2.8,3.36,85.62,0
-4.1,2.31,85.29,0
-5.74,1.05,84.16,0
-5.78,0.93,84.15,0
-4.5,0.55,85.47,0
-5.02,0.51,84.95,0
-5.96,1.07,83.95,0
-6.08,1.27,83.79,0
-5.55,1.4,84.28,0
-6.03,1.58,83.76,0
-6.6,1.19,83.3,0
-9.25,1.42,80.64,0
-8.11,-0.19,81.89,0
-8.15,0.94,81.8,0
-7.82,1.11,82.1,0
-8.36,1.43,81.52,0
-8.42,1.98,81.36,0
-8.0,1.62,81.84,0
-6.72,2.38,82.87,0
-5.89,2.26,83.69,0
-5.44,2.25,84.11,0
-4.55,2.34,84.88,0
-4.58,3.02,84.51,0
-3.86,2.49,85.41,0
-4.33,3.06,84.7,0
-4.14,2.39,85.22,0
-4.62,2.78,84.6,0
-3.87,2.51,85.39,0
-3.76,2.17,85.66,0
-3.76,2.7,85.37,0
-3.48,2.87,85.49,0
-4.01,2.47,85.29,0
-3.78,2.86,85.26,0
-3.58,2.79,85.46,0
-4.09,2.76,85.07,0
-4.11,2.81,85.02,0
-4.2,2.88,84.91,0
-4.9,3.12,84.19,0
-5.22,3.64,83.64,0
-6.85,2.43,82.74,0
-7.85,1.12,82.07,0
-7.53,1.42,82.34,0
-7.75,2.42,81.88,0
-7.89,1.08,82.03,0
-8.22,1.26,81.69,0
-7.59,0.77,82.37,0
-7.63,1.41,82.24,0
-9.25,-0.41,80.74,0
-8.05,0.52,81.93,0
-8.91,-0.41,81.08,0
-9.0,-1.76,80.83,0
-7.47,-1.72,82.33,0
-7.58,-2.1,82.14,0
-8.29,-2.75,81.27,0
-8.17,-2.34,81.51,0
-7.81,-2.28,81.86,0
-8.9,-0.39,81.1,0
-8.2,-0.72,81.77,0
-7.99,-0.71,81.98,0
-7.71,-0.66,82.27,0
-7.15,0.75,82.81,0
-5.92,0.0,84.08,0
-4.22,0.17,85.78,0
-4.5,1.13,85.36,0
-2.11,0.5,87.83,0
-2.15,0.85,87.69,0
-2.44,0.24,87.55,0
-2.06,0.64,87.85,0
-2.59,1.19,87.15,0
-4.31,1.43,85.46,0
-4.92,-0.73,85.03,0
-4.9,-0.4,85.08,0
-6.47,-0.79,83.48,0
-6.64,-1.71,83.14,0
-7.13,-0.79,82.83,0
-8.08,-0.28,81.92,0
-7.16,-0.47,82.83,0
-6.87,-1.65,82.94,0
-6.47,-1.18,83.42,0
-6.05,-1.73,83.71,0
-5.97,-1.48,83.85,0
-5.9,-1.8,83.84,0
-5.89,-1.74,83.86,0
-5.55,-1.85,84.15,0
-5.41,-2.07,84.21,0
-5.91,-1.82,83.81,0
-4.97,-3.66,83.83,0
-6.14,-2.27,83.46,0
-10.14,-0.58,79.84,0
-5.41,-4.64,82.87,0
-5.57,-3.63,83.35,0
-6.07,-5.4,81.87,0
-5.51,-4.68,82.77,0
-5.97,-4.9,82.27,0
-5.54,-4.94,82.57,0
-5.39,-4.97,82.66,0
-5.76,-5.41,82.09,0
-5.4,-5.48,82.3,0
-5.48,-4.97,82.6,0
-5.98,-4.87,82.28,0
-5.22,-4.86,82.86,0
-5.42,-4.98,82.63,0
-5.41,-4.62,82.88,0
-5.4,-5.14,82.54,0
-5.66,-5.07,82.39,0
-5.53,-5.06,82.5,0
-4.72,-4.53,83.45,0
-5.32,-4.89,82.77,0
-5.15,-4.98,82.83,0
-5.27,-4.99,82.74,0
-5.15,-5.21,82.67,0
-5.13,-5.0,82.83,0
-5.17,-5.06,82.76,0
-5.1,-5.04,82.82,0
-5.3,-4.75,82.87,0
-5.35,-5.07,82.62,0
-4.77,-4.77,83.25,0
-5.59,-4.77,82.64,0
-5.17,-5.12,82.71,0
-5.68,-4.37,82.83,0
-5.56,-5.0,82.52,0
-5.61,-5.12,82.4,0
-4.91,-5.27,82.78,0
-5.33,-4.34,83.12,0
-5.65,-3.33,83.44,0
-5.25,-3.45,83.72,0
-5.43,-3.09,83.76,0
-4.98,-2.96,84.21,0
-4.95,-2.41,84.5,0
-6.46,-2.79,82.96,0
-5.51,-2.72,83.86,0
-5.82,-2.4,83.7,0
-5.78,-2.8,83.58,0
-5.2,-2.52,84.22,0
-4.36,-1.6,85.36,0
-3.33,-2.06,86.09,0
-3.76,-1.76,85.85,0
-3.72,-1.55,85.97,0
-3.82,-1.62,85.85,0
-2.4,0.48,87.55,0
-2.04,-0.71,87.84,0
-2.38,-0.3,87.6,0
-2.4,-0.38,87.57,0
-3.69,-0.34,86.29,0
-3.55,0.09,86.45,0
-4.17,-0.6,85.78,0
-4.47,-0.38,85.52,0
-4.94,-0.33,85.05,0
-4.52,-0.3,85.47,0
-4.17,-0.09,85.83,0
-4.36,0.21,85.63,0
-3.51,-0.22,86.49,0
-3.82,0.01,86.18,0
-3.89,-0.26,86.11,0
-4.25,0.08,85.75,0
-3.98,0.19,86.02,0
-3.76,0.23,86.24,0
-3.05,0.44,86.91,0
-2.29,0.17,87.71,0
-2.63,-0.04,87.37,0
-3.19,0.32,86.79,0
-3.49,0.74,86.43,0
-3.17,1.03,86.67,0
-3.11,0.94,86.75,0
-2.75,0.48,87.21,0
-2.48,0.5,87.47,0
-2.59,0.07,87.41,0
-2.74,0.45,87.22,0
-2.66,0.39,87.31,0
-2.82,0.33,87.16,0
-2.94,0.2,87.05,0
-2.56,1.04,87.24,0
-2.89,1.06,86.92,0
-3.52,0.44,86.45,0
-3.25,0.95,86.61,0
-3.93,0.49,86.03,0
-3.56,0.51,86.4,0
-3.86,0.33,86.12,0
-3.49,0.64,86.45,0
-3.73,0.66,86.21,0
-2.94,0.2,87.06,0
-3.66,0.13,86.34,0
-3.01,0.24,86.98,0
-3.09,0.25,86.9,0
-2.9,0.26,87.09,0
-2.91,0.31,87.07,0
-3.63,0.16,86.36,0
-2.71,0.53,87.24,0
-3.02,0.33,86.97,0
-2.99,0.48,86.97,0
-3.38,0.18,86.61,0
-3.41,0.17,86.59,0
-3.71,0.07,86.29,0
-3.78,0.46,86.19,0
-4.13,0.26,85.86,0
-3.37,0.1,86.63,0
-3.56,0.33,86.42,0
-3.29,0.14,86.7,0
-3.25,0.25,86.74,0
-3.12,-0.11,86.88,0
-3.09,0.18,86.91,0
-3.63,0.11,86.36,0
-3.06,0.6,86.88,0
-3.42,0.36,86.56,0
-2.51,0.33,87.46,0
-3.75,0.29,86.24,0
-3.76,-0.4,86.21,0
-4.23,-0.04,85.77,0
-4.48,0.47,85.5,0
-4.45,0.28,85.54,0
-4.24,0.22,85.76,0
-4.06,0.63,85.89,0
-3.67,0.22,86.32,0
-3.59,0.28,86.4,0
-3.27,0.24,86.72,0
-3.7,0.34,86.28,0
-3.99,0.26,86.0,0
-3.26,0.19,86.74,0
-3.2,0.32,86.78,0
-3.33,-0.04,86.67,0
-3.71,0.03,86.29,0
-3.69,1.0,86.18,0
-3.71,0.62,86.24,0
-3.56,0.66,86.38,0
-3.93,0.36,86.06,0
-3.63,0.21,86.36,0
-3.76,0.62,86.19,0
-3.38,0.14,86.62,0
-3.36,0.58,86.59,0
-3.81,0.78,86.11,0
-3.38,0.75,86.54,0
-3.37,0.85,86.52,0
-3.41,0.85,86.48,0
-3.65,0.8,86.27,0
-3.67,0.47,86.3,0
-3.96,0.44,86.02,0
-4.42,0.67,85.53,0
-5.1,0.86,84.83,0
-4.58,0.66,85.38,0
-3.84,1.05,86.02,0
-3.72,0.2,86.28,0
-3.08,0.76,86.82,0
-3.38,0.4,86.6,0
-3.32,0.56,86.63,0
-3.43,0.77,86.48,0
-3.8,0.51,86.17,0
-3.39,0.73,86.54,0
-3.54,0.76,86.38,0
-3.47,0.5,86.49,0
-3.44,0.46,86.53,0
-3.44,0.44,86.53,0
-4.0,0.61,85.95,0
-4.14,0.44,85.84,0
-4.02,1.01,85.86,0
-3.61,0.53,86.36,0
-3.69,0.99,86.18,0
-3.79,0.5,86.18,0
-4.25,1.19,85.59,0
-5.4,1.52,84.4,0
-5.1,0.98,84.8,0
-5.58,1.0,84.34,0
-5.73,1.36,84.11,0
-5.88,0.87,84.05,0
-5.65,0.93,84.27,0
-4.97,0.77,84.97,0
-3.87,0.81,86.04,0
-4.01,0.28,85.98,0
-3.52,0.43,86.45,0
-3.56,0.64,86.39,0
-4.22,0.55,85.74,0
-3.31,0.91,86.57,0
-2.76,0.73,87.14,0
-3.4,0.66,86.54,0
-3.96,0.92,85.94,0
-4.43,1.0,85.46,0
-4.17,0.93,85.73,0
-4.7,0.73,85.24,0
-4.85,0.98,85.05,0
-4.83,0.64,85.13,0
-4.74,1.12,85.13,0
-3.96,0.85,85.95,0
-3.77,1.56,85.92,0
-3.72,0.85,86.18,0
-3.17,0.82,86.72,0
-3.4,1.13,86.42,0
-3.29,0.72,86.63,0
-3.36,1.15,86.45,0
-3.47,0.82,86.43,0
-3.75,0.81,86.16,0
-2.78,0.71,87.13,0
-2.95,0.68,86.97,0
-2.25,0.88,87.59,0
-2.28,1.09,87.48,0
-2.1,0.34,87.87,0
-2.97,0.11,87.03,0
-3.42,1.1,86.41,0
-3.48,1.46,86.22,0
-3.38,1.43,86.33,0
-3.81,1.71,85.82,0
-3.69,1.67,85.96,0
-2.82,1.86,86.62,0
-2.75,1.95,86.63,0
-3.46,1.35,86.29,0
-3.22,1.74,86.34,0
-3.68,1.63,85.98,0
-3.95,1.25,85.86,0
-2.67,1.33,87.01,0
-2.41,1.33,87.25,0
-2.63,0.93,87.21,0
-2.96,0.32,87.02,0
-2.9,1.27,86.84,0
-3.44,1.27,86.33,0
-3.55,0.85,86.35,0
-3.22,0.5,86.74,0
-2.73,0.85,87.14,0
-2.66,1.34,87.02,0
-2.71,1.75,86.77,0
-2.79,1.67,86.75,0
-1.88,1.36,87.68,0
-2.14,2.07,87.02,0
-2.1,1.86,87.2,0
-2.34,1.45,87.24,0
-1.75,1.03,87.97,0
-1.78,0.99,87.97,0
-1.95,1.1,87.76,0
-2.13,0.91,87.68,0
-2.41,0.76,87.48,0
-2.58,0.64,87.34,0
-2.8,1.0,87.03,0
-2.17,0.49,87.78,0
-3.27,0.53,86.69,0
-3.3,0.51,86.66,0
-2.28,0.84,87.57,0
-2.42,0.74,87.47,0
-2.23,1.06,87.53,0
-2.93,1.51,86.7,0
-2.92,1.42,86.75,0
-2.09,1.68,87.32,0
-2.44,1.63,87.06,0
-2.47,1.27,87.22,0
-2.19,1.43,87.39,0
-2.38,1.78,87.03,0
-1.92,1.58,87.51,0
-1.86,1.47,87.63,0
-2.8,1.39,86.88,0
-2.65,1.53,86.94,0
-2.8,1.1,87.0,0
-2.97,1.47,86.68,0
-2.81,1.2,86.94,0
-2.86,1.3,86.85,0
-2.66,1.68,86.85,0
-2.69,1.56,86.89,0
-2.7,1.85,86.72,0
-2.7,0.85,87.17,0
-2.96,1.82,86.53,0
-2.63,1.7,86.87,0
-2.7,2.09,86.59,0
-3.25,2.51,85.89,0
-3.21,2.6,85.87,0
-2.96,2.12,86.36,0
-2.56,1.72,86.92,0
-2.31,2.14,86.85,0
-2.66,2.08,86.62,0
-2.62,0.84,87.25,0
-2.42,1.76,87.01,0
-2.71,1.94,86.67,0
-2.9,1.6,86.69,0
-2.77,1.37,86.91,0
-3.3,1.27,86.46,0
-3.45,1.12,86.38,0
-3.4,1.2,86.39,0
-2.98,0.67,86.95,0
-3.73,0.77,86.19,0
-3.83,0.29,86.16,0
-2.94,0.87,86.94,0
-3.83,0.26,86.16,0
-4.02,0.48,85.95,0
-4.26,0.74,85.67,0
-3.98,0.65,85.97,0
-3.91,-0.05,86.09,0
-3.9,0.0,86.1,0
-4.02,0.32,85.97,0
-3.81,0.54,86.15,0
-3.63,0.34,86.35,0
-4.04,0.37,85.94,0
-3.43,0.35,86.55,0
-1.77,0.49,88.17,0
-1.19,-0.41,88.74,0
-1.24,0.23,88.74,0
-2.24,-0.31,87.74,0
-2.05,-0.63,87.85,0
-3.19,-0.29,86.8,0
-2.6,0.1,87.4,0
-2.98,0.51,86.98,0
-3.13,0.09,86.86,0
-2.86,0.07,87.14,0
-3.41,0.13,86.58,0
-3.46,0.14,86.54,0
-3.22,0.45,86.75,0
-3.38,0.31,86.61,0
-3.2,0.0,86.8,0
-3.25,0.29,86.74,0
-3.68,0.41,86.3,0
-3.61,0.65,86.34,0
-3.44,0.67,86.49,0
-3.33,0.28,86.65,0
-3.4,0.4,86.57,0
-3.12,-0.16,86.87,0
-3.7,0.07,86.3,0
-3.22,0.34,86.77,0
-2.74,1.03,87.08,0
-3.52,-0.19,86.47,0
-4.07,-0.85,85.84,0
-4.33,-0.36,85.66,0
-5.17,-1.05,84.73,0
-4.48,-0.85,85.44,0
-4.14,-1.52,85.59,0
-3.55,-0.2,86.45,0
-3.7,-1.02,86.16,0
-4.25,-1.01,85.63,0
-3.92,-0.99,85.96,0
-4.3,-0.67,85.65,0
-3.59,-0.75,86.33,0
-3.92,-0.71,86.01,0
-3.36,-0.92,86.52,0
-3.75,-1.07,86.1,0
-3.75,-0.85,86.15,0
-4.03,-0.84,85.89,0
-3.82,-1.12,86.02,0
-3.34,-0.77,86.58,0
-2.59,-0.66,87.33,0
-2.25,-1.13,87.48,0
-1.96,-0.91,87.85,0
-2.13,-1.04,87.63,0
-2.17,-0.83,87.68,0
-3.13,-0.57,86.82,0
-3.32,-1.09,86.51,0
-3.19,-1.14,86.61,0
-3.33,-0.88,86.56,0
-3.88,-1.02,85.99,0
-3.14,-0.3,86.84,0
-3.84,-2.1,85.63,0
-3.77,-1.41,85.98,0
-3.31,-1.16,86.49,0
-3.38,-1.34,86.36,0
-3.61,-1.24,86.19,0
-2.94,-0.9599999,86.91,0
-2.01,-1.06,87.73,0
-2.5,-1.2,87.23,0
-2.39,-1.17,87.34,0
-2.97,-0.85,86.91,0
-3.16,-1.12,86.65,0
-4.43,-0.99,85.46,0
-3.45,-0.88,86.44,0
-3.98,-0.9,85.92,0
-3.42,-0.95,86.45,0
-3.96,-1.06,85.9,0
-3.87,-1.14,85.97,0
-3.75,-0.85,86.15,0
-3.93,-1.18,85.9,0
-4.41,-0.9700001,85.49,0
-3.47,-0.81,86.43,0
-3.19,-0.6,86.75,0
-3.75,-2.24,85.63,0
-3.71,-0.64,86.23,0
-3.75,-0.13,86.24,0
-3.63,0.33,86.36,0
-4.13,0.42,85.85,0
-3.84,0.44,86.14,0
-3.82,0.56,86.14,0
-4.17,0.89,85.74,0
-3.71,0.85,86.19,0
-3.61,0.55,86.35,0
-3.61,0.81,86.3,0
-2.72,0.93,87.13,0
-2.76,0.55,87.19,0
-2.71,0.87,87.15,0
-3.11,0.9,86.76,0
-2.82,0.93,87.03,0
-2.58,1.19,87.16,0
-2.99,0.82,86.89,0
-2.71,0.89,87.15,0
-2.46,0.69,87.44,0
-3.12,0.67,86.8,0
-2.7,1.38,86.97,0
-2.35,1.13,87.39,0
-2.36,1.6,87.15,0
-3.09,1.46,86.58,0
-3.11,1.35,86.61,0
-3.31,1.35,86.42,0
-2.98,0.94,86.88,0
-2.86,0.73,87.04,0
-3.3,0.6,86.64,0
-2.86,0.22,87.13,0
-2.81,-0.18,87.18,0
-3.14,0.21,86.85,0
-2.5,-0.05,87.5,0
-3.1,-0.67,86.83,0
-3.27,-0.26,86.72,0
-3.11,-0.54,86.84,0
-3.38,-0.46,86.59,0
-2.66,-0.45,87.3,0
-3.16,-0.78,86.75,0
-2.94,-0.41,87.03,0
-2.86,-0.36,87.11,0
-2.93,-0.81,86.96,0
-3.68,-0.68,86.26,0
-3.86,-0.71,86.07,0
-3.55,-1.43,86.18,0
-4.06,-1.57,85.64,0
-3.61,-0.5,86.36,0
-3.49,-0.54,86.47,0
-3.28,-0.7,86.65,0
-2.82,-0.49,87.14,0
-2.72,-0.87,87.15,0
-2.66,-0.99,87.16,0
-2.68,-0.73,87.22,0
-2.81,-0.59,87.13,0
-3.44,-1.1,86.39,0
-3.54,-0.49,86.43,0
-3.78,-0.79,86.14,0
-3.99,-0.82,85.93,0
-3.39,-0.84,86.51,0
-3.48,-0.68,86.45,0
-2.91,-0.42,87.06,0
-2.03,-0.51,87.9,0
-1.9,-1.02,87.84,0
-1.72,-0.89,88.06,0
-1.15,-1.13,88.39,0
-1.88,-1.75,87.43,0
-1.08,-1.39,88.24,0
-2.6,-1.49,87.0,0
-1.53,-1.37,87.95,0
-2.07,-1.2,87.6,0
-2.65,-1.44,86.99,0
-2.62,-2.36,86.47,0
-3.73,-1.93,85.79,0
-4.0,-1.8,85.61,0
-3.63,-1.7,85.99,0
-4.0,-1.41,85.76,0
-3.57,-1.11,86.26,0
-3.56,-1.25,86.23,0
-3.04,-1.22,86.73,0
-3.51,-1.26,86.27,0
-3.07,-1.31,86.66,0
-3.36,-1.26,86.41,0
-3.0,-1.16,86.78,0
-2.69,-0.95,87.14,0
-2.99,-1.72,86.55,0
-2.88,-1.52,86.74,0
-2.74,-1.17,87.02,0
-3.57,-1.74,86.03,0
-3.7,-1.16,86.12,0
-3.26,-1.66,86.34,0
-5.89,-2.28,83.68,0
-6.07,-2.17,83.56,0
-6.63,-2.08,83.05,0
-5.85,-1.46,83.97,0
-5.5,-1.99,84.15,0
-5.19,-0.9599999,84.72,0
-4.37,-1.0,85.52,0
-4.86,-1.13,85.01,0
-5.6,-0.37,84.39,0
-6.0,0.72,83.95,0
-6.46,1.97,83.24,0
-5.27,1.46,84.53,0
-5.38,1.26,84.48,0
-5.18,1.71,84.54,0
-5.34,1.27,84.51,0
-5.51,1.4,84.31,0
-5.98,1.24,83.89,0
-5.52,1.25,84.34,0
-5.92,1.41,83.92,0
-5.52,1.33,84.32,0
-4.92,1.75,84.78,0
-4.53,1.48,85.24,0
-3.81,1.29,85.98,0
-4.26,1.5,85.48,0
-4.46,1.74,85.21,0
-4.9,1.64,84.84,0
-4.88,1.16,84.99,0
-5.13,0.6,84.84,0
-4.47,0.93,85.44,0
-4.68,0.95,85.23,0
-3.85,0.98,86.02,0
-4.3,0.89,85.61,0
-4.03,1.35,85.75,0
-4.02,1.63,85.66,0
-3.76,1.34,86.01,0
-3.44,1.78,86.13,0
-3.71,0.84,86.19,0
-3.92,0.74,86.01,0
-3.57,1.16,86.25,0
-3.33,0.94,86.54,0
-3.68,1.04,86.18,0
-3.53,1.24,86.25,0
-3.14,1.11,86.67,0
-3.12,1.55,86.52,0
-3.41,1.39,86.32,0
-3.7,1.51,86.0,0
-3.35,1.59,86.29,0
-3.19,1.68,86.4,0
-3.42,1.3,86.34,0
-2.62,1.59,86.93,0
-3.2,1.04,86.63,0
-3.17,1.48,86.5,0
-2.99,1.35,86.72,0
-2.72,0.98,87.11,0
-3.3,2.02,86.13,0
-3.83,1.89,85.73,0
-2.74,1.77,86.73,0
-3.27,1.12,86.55,0
-2.41,1.26,87.28,0
-3.41,0.83,86.49,0
-3.79,2.36,85.53,0
-3.63,0.5,86.34,0
-3.17,1.79,86.36,0
-3.85,1.51,85.87,0
-3.29,0.44,86.68,0
-3.33,1.14,86.48,0
-3.45,1.98,86.03,0
-3.48,1.34,86.27,0
-3.32,1.46,86.37,0
-3.48,1.68,86.14,0
-2.83,1.72,86.69,0
-3.48,1.09,86.36,0
-3.13,1.66,86.46,0
-3.46,1.46,86.25,0
-3.07,1.43,86.62,0
-3.24,1.43,86.46,0
-3.6,1.23,86.2,0
-3.14,1.41,86.56,0
-3.16,1.1,86.66,0
-3.14,1.34,86.59,0
-3.37,1.37,86.36,0
-3.42,1.5,86.27,0
-4.14,1.87,85.46,0
-3.24,1.06,86.59,0
-3.72,1.37,86.04,0
-2.79,1.77,86.7,0
-3.46,1.33,86.3,0
-3.16,1.2,86.62,0
-3.6,1.75,86.0,0
-3.83,1.54,85.87,0
-3.68,0.81,86.23,0
-3.58,1.51,86.11,0
-3.32,1.47,86.37,0
-3.61,1.38,86.14,0
-3.1,0.84,86.79,0
-3.34,1.35,86.39,0
-3.37,1.27,86.4,0
-2.95,1.6,86.65,0
-3.33,1.5,86.35,0
-3.66,1.6,86.01,0
-3.33,1.77,86.23,0
-3.49,1.32,86.27,0
-3.3,1.18,86.5,0
-3.43,1.08,86.4,0
-3.48,0.93,86.4,0
-2.87,1.11,86.92,0
-3.87,1.43,85.87,0
-3.5,1.44,86.22,0
-3.74,0.91,86.15,0
-3.5,1.25,86.28,0
-3.46,1.96,86.02,0
-3.41,1.15,86.4,0
-3.43,1.18,86.37,0
-3.78,1.54,85.92,0
-3.17,0.98,86.69,0
-3.32,0.72,86.61,0
-2.85,1.51,86.78,0
-3.38,1.22,86.41,0
-2.78,1.38,86.9,0
-3.36,-0.03,86.64,0
-3.26,0.52,86.7,0
-6.65,-1.2,83.24,0
-5.89,-2.08,83.75,0
-4.99,-1.61,84.76,0
-2.52,-2.26,86.62,0
-2.42,-2.09,86.8,0
-1.96,-1.93,87.25,0
-3.26,-2.46,85.92,0
-2.73,-2.21,86.49,0
-3.61,-2.5,85.61,0
-5.17,-2.62,84.21,0
-5.19,-0.25,84.81,0
-4.84,-2.71,84.45,0
-4.58,-1.12,85.29,0
-5.4,-1.68,84.34,0
-4.15,1.36,85.63,0
-4.29,2.06,85.24,0
-4.77,0.83,85.16,0
-4.66,0.85,85.27,0
-2.53,0.03,87.47,0
-2.44,3.1,86.05,0
-3.11,3.19,85.54,0
-3.17,4.53,84.47,0
-3.09,4.27,84.72,0
-3.57,3.44,85.04,0
-5.83,2.76,83.55,0
-5.58,3.18,83.58,0
-5.96,2.38,83.59,0
-6.93,1.47,82.92,0
-7.59,1.6,82.25,0
-8.53,2.12,81.21,0
-7.45,0.86,82.5,0
-7.76,1.37,82.12,0
-7.34,0.74,82.63,0
-8.09,0.87,81.86,0
-5.92,1.79,83.82,0
-7.37,1.15,82.54,0
-7.75,1.5,82.1,0
-5.49,1.0,84.43,0
-5.25,1.9,84.42,0
-4.62,1.82,85.04,0
-4.06,1.68,85.61,0
-4.44,1.66,85.26,0
-1.6,0.98,88.13,0
-2.03,0.03,87.97,0
-3.32,0.73,86.6,0
-2.39,0.26,87.6,0
-6.57,-0.9599999,83.36,0
-5.41,0.33,84.58,0
-4.83,0.51,85.15,0
-4.9,1.26,84.94,0
-5.24,0.77,84.7,0
-6.6,0.25,83.4,0
-6.24,0.36,83.75,0
-7.2,1.2,82.7,0
-5.94,1.43,83.89,0
-7.78,0.56,82.2,0
-9.41,2.02,80.37,0
-8.17,-0.21,81.82,0
-10.46,4.51,78.61,0
-9.03,0.7,80.94,0
-7.87,0.68,82.1,0
-6.95,0.29,83.04,0
-7.29,1.12,82.63,0
-7.5,0.66,82.47,0
-9.12,0.18,80.87,0
-8.96,1.25,80.95,0
-4.12,0.74,85.82,0
-5.69,0.45,84.3,0
-7.08,-0.3,82.91,0
-5.78,-1.52,84.02,0
-9.04,0.8,80.93,0
-8.65,0.8,81.31,0
-8.92,1.96,80.87,0
-8.69,1.94,81.09,0
-7.63,1.7,82.19,0
-7.49,2.54,82.09,0
-7.71,2.12,82.0,0
-8.11,1.54,81.75,0
-8.5,1.64,81.34,0
-7.22,0.88,82.73,0
-7.79,0.59,82.19,0
-7.35,1.11,82.57,0
-7.84,0.7,82.13,0
-7.43,1.03,82.5,0
-7.32,0.37,82.67,0
-7.24,0.94,82.7,0
-7.47,0.53,82.51,0
-7.6,0.26,82.4,0
-7.61,-0.04,82.39,0
-7.36,0.9,82.59,0
-7.87,-0.05,82.13,0
-7.62,0.15,82.38,0
-8.25,0.1,81.74,0
-7.78,-0.15,82.22,0
-7.06,0.54,82.91,0
-7.46,-0.08,82.54,0
-7.61,-0.04,82.39,0
-7.37,0.09,82.63,0
-7.35,0.55,82.63,0
-6.87,0.09,83.13,0
-7.69,0.14,82.31,0
-6.86,-0.24,83.13,0
-6.44,0.1,83.56,0
-6.15,0.07,83.85,0
-6.19,0.25,83.81,0
-6.36,-0.04,83.64,0
-6.07,-1.27,83.8,0
-7.49,0.86,82.46,0
-7.16,-0.9,82.78,0
-8.12,-0.41,81.87,0
-7.84,-0.5,82.14,0
-8.62,-0.7,81.35,0
-8.18,-1.3,81.72,0
-7.97,-1.72,81.85,0
-7.8,-2.02,81.94,0
-7.72,-1.84,82.06,0
-6.6,-2.44,82.97,0
-5.06,-3.12,84.06,0
-4.71,-2.87,84.49,0
-5.72,-3.09,83.5,0
-6.37,-3.81,82.57,0
-5.42,-3.84,83.36,0
-5.39,-3.53,83.56,0
-5.32,-3.21,83.79,0
-4.83,-3.21,84.2,0
-5.51,-3.37,83.54,0
-5.6,-3.7,83.28,0
-5.83,-3.02,83.43,0
-4.92,-3.54,83.94,0
-5.38,-3.94,83.33,0
-5.37,-3.91,83.36,0
-5.52,-3.46,83.48,0
-5.46,-4.2,83.11,0
-5.47,-3.83,83.32,0
-5.34,-4.03,83.31,0
-5.59,-3.93,83.16,0
-5.29,-3.82,83.48,0
-4.68,-3.99,83.85,0
-5.09,-3.5,83.82,0
-4.7,-2.8,84.53,0
-5.41,-4.39,83.03,0
-5.64,-3.6,83.31,0
-6.03,-3.86,82.83,0
-6.4,-3.18,82.85,0
-6.02,-3.56,83.01,0
-6.01,-3.94,82.82,0
-5.47,-2.89,83.81,0
-5.62,-3.85,83.19,0
-5.76,-3.24,83.4,0
-6.78,-3.22,82.5,0
-6.03,-2.94,83.3,0
-6.97,-4.28,81.82,0
-6.78,-2.84,82.65,0
-7.08,-2.94,82.33,0
-6.02,-1.87,83.7,0
-6.84,-2.88,82.58,0
-5.91,-1.41,83.92,0
-5.64,-1.43,84.18,0
-2.27,41.69,27.03,1
-2.61,41.51,27.71,1
-3.86,41.43,28.0,1
-1.79,41.68,27.08,1
-0.48,41.36,28.31,1
-2.49,41.62,27.29,1
-2.55,41.78,26.64,1
2.83,41.4,28.12,1
-0.98,41.45,27.98,1
-1.66,41.73,26.86,1
-1.19,40.95,29.79,1
-1.61,40.49,31.36,1
0.63,40.62,30.94,1
-2.24,41.02,29.53,1
-2.31,40.85,30.14,1
-1.11,41.4,28.16,1
-1.74,41.71,26.95,1
-1.67,41.43,28.03,1
-2.66,41.75,26.79,1
-2.62,41.52,27.69,1
-2.31,41.67,27.12,1
-2.39,41.57,27.48,1
-2.88,41.54,27.61,1
-2.88,41.7,26.95,1
-1.44,41.45,27.95,1
-1.93,41.66,27.13,1
-2.7,41.41,28.09,1
-0.66,41.91,26.15,1
-0.56,42.38,24.15,1
0.81,42.63,22.99,1
0.28,42.46,23.79,1
0.07,42.73,22.53,1
0.5,42.68,22.76,1
-0.61,42.85,21.92,1
0.47,42.91,21.64,1
0.35,42.87,21.85,1
0.76,42.88,21.77,1
0.2,42.79,22.24,1
0.77,42.75,22.42,1
0.48,42.9,21.7,1
-0.28,42.89,21.76,1
0.34,42.84,22.0,1
-0.03,42.95,21.45,1
0.44,42.91,21.64,1
0.0,42.61,23.1,1
0.47,42.83,22.05,1
-1.79,42.64,22.94,1
0.19,42.38,24.16,1
0.28,42.49,23.65,1
0.62,42.33,24.35,1
0.21,42.49,23.64,1
-0.06,42.22,24.83,1
-0.37,41.96,25.94,1
1.46,41.65,27.21,1
3.04,42.28,24.54,1
0.65,42.35,24.3,1
1.49,42.33,24.36,1
1.67,42.08,25.46,1
1.71,41.83,26.45,1
1.82,41.96,25.92,1
0.73,41.89,26.24,1
1.32,42.0,25.79,1
1.4,41.94,26.01,1
0.93,41.75,26.82,1
0.22,41.85,26.42,1
1.24,41.88,26.3,1
0.88,41.8,26.61,1
1.2,41.7,27.0,1
0.56,41.63,27.28,1
1.47,41.77,26.73,1
1.24,42.04,25.62,1
0.52,41.92,26.12,1
1.32,41.49,27.82,1
1.11,41.59,27.42,1
-1.87,41.55,27.58,1
1.28,42.02,25.71,1
0.89,41.88,26.27,1
0.53,42.35,24.27,1
2.41,42.43,23.89,1
-0.85,43.16,20.31,1
0.09,43.67,17.35,1
-0.26,43.04,20.97,1
-5.79,41.86,26.23,1
-4.57,41.32,28.35,1
-5.03,41.2,28.78,1
-4.91,42.34,24.24,1
-4.41,42.61,23.03,1
-2.79,42.51,23.52,1
-3.75,42.56,23.29,1
-2.89,42.61,23.04,1
-3.75,42.5,23.54,1
-3.89,42.49,23.6,1
-3.05,42.58,23.22,1
-2.88,42.56,23.3,1
-2.73,42.34,24.29,1
-2.66,42.41,23.99,1
-1.96,42.6,23.11,1
-2.99,42.66,22.84,1
-2.82,42.44,23.84,1
-2.63,42.66,22.84,1
-3.34,42.54,23.39,1
-2.56,42.66,22.81,1
-2.73,42.61,23.08,1
-2.31,42.71,22.59,1
-1.93,42.63,22.96,1
-3.16,42.66,22.82,1
-2.01,42.71,22.59,1
-0.94,42.71,22.61,1
-2.81,42.78,22.24,1
-2.77,42.78,22.27,1
-2.65,42.82,22.06,1
-2.29,42.58,23.21,1
-3.17,42.66,22.81,1
-3.16,42.62,23.0,1
-2.73,42.87,21.79,1
-2.83,42.76,22.36,1
-2.65,42.64,22.92,1
-2.63,42.59,23.16,1
-2.63,42.75,22.38,1
-2.93,42.62,23.0,1
-2.09,42.68,22.74,1
-2.39,42.7,22.64,1
-2.29,42.69,22.68,1
-2.77,42.72,22.56,1
-2.65,42.64,22.91,1
-2.17,42.78,22.24,1
-2.28,42.64,22.94,1
-2.75,42.6,23.11,1
-2.38,42.67,22.8,1
-2.95,42.62,23.02,1
-2.19,42.51,23.54,1
-2.0,42.62,23.02,1
-2.37,42.54,23.39,1
-2.92,42.65,22.87,1
-2.12,42.65,22.89,1
-2.47,42.58,23.21,1
-1.88,42.7,22.67,1
-3.18,42.7,22.63,1
-2.59,42.74,22.45,1
-2.92,42.62,23.02,1
-2.79,42.73,22.48,1
-2.18,42.63,23.0,1
-2.47,42.72,22.56,1
-2.87,42.59,23.14,1
-2.39,42.55,23.37,1
-2.15,42.92,21.54,1
-1.32,43.59,17.83,1
-1.11,44.01,14.95,1
-1.93,43.9,15.74,1
-3.4,43.1,20.58,1
-4.3,43.23,19.89,1
-3.17,43.19,20.12,1
-3.07,43.27,19.7,1
-2.78,43.17,20.26,1
-3.3,43.07,20.75,1
-2.98,43.21,20.04,1
-2.86,43.18,20.18,1
-2.94,43.19,20.13,1
-2.43,43.27,19.68,1
-2.58,43.24,19.86,1
-3.03,43.12,20.51,1
-2.84,42.97,21.27,1
-2.66,43.01,21.12,1
-2.79,43.41,18.89,1
-2.94,43.6,17.76,1
-2.52,43.58,17.88,1
-1.57,43.92,15.63,1
-1.66,44.47,10.99,1
-0.88,44.16,13.81,1
-1.93,44.12,14.12,1
-1.59,44.03,14.83,1
-1.93,44.06,14.62,1
-1.88,44.21,13.35,1
-0.94,43.61,17.72,1
-3.82,43.03,20.98,1
-3.81,42.98,21.25,1
-2.48,43.05,20.89,1
-3.23,42.75,22.38,1
-3.65,42.67,22.75,1
-2.09,43.05,20.88,1
-1.76,42.72,22.57,1
-3.15,42.73,22.5,1
-2.84,42.6,23.09,1
-2.93,42.75,22.41,1
-2.92,42.86,21.87,1
-2.86,42.66,22.85,1
-2.86,42.79,22.18,1
-2.93,42.63,22.96,1
-3.68,42.57,23.23,1
-2.62,42.67,22.79,1
-3.18,42.69,22.69,1
-2.62,42.59,23.14,1
-2.51,42.65,22.9,1
-2.31,42.59,23.19,1
-2.53,42.71,22.61,1
-2.24,42.86,21.85,1
-2.68,42.7,22.63,1
-2.27,42.79,22.19,1
-1.97,42.77,22.31,1
-2.41,42.8,22.16,1
-2.43,42.71,22.62,1
-2.31,42.64,22.92,1
-2.23,42.73,22.49,1
-2.26,42.84,21.99,1
-1.98,42.77,22.3,1
-2.46,42.79,22.19,1
-2.46,42.75,22.39,1
-2.34,42.57,23.26,1
-2.41,42.76,22.37,1
-2.73,42.75,22.39,1
-2.18,42.9,21.68,1
-2.32,42.6,23.13,1
-2.3,42.82,22.06,1
-0.94,42.84,21.98,1
-2.16,42.78,22.26,1
-2.16,42.72,22.57,1
-1.84,42.93,21.53,1
-2.64,42.88,21.75,1
-2.15,42.8,22.18,1
-2.52,42.84,21.94,1
-2.0,42.9,21.66,1
-2.32,42.83,22.01,1
-2.24,42.84,21.95,1
-2.42,42.81,22.1,1
-2.24,42.74,22.45,1
-2.22,42.73,22.5,1
-2.03,42.88,21.77,1
-2.17,42.85,21.9,1
-2.49,42.82,22.07,1
-2.49,42.81,22.09,1
-1.94,42.8,22.18,1
-2.48,42.88,21.78,1
-0.72,43.3,19.57,1
-2.64,43.86,16.06,1
1.43,44.57,9.92,1
2.2,44.99,1.75,1
6.32,44.85,-5.81,1
8.23,44.49,-10.67,1
8.8,44.79,-6.91,1
8.57,44.87,-5.37,1
8.08,44.82,-6.41,1
8.25,44.76,-7.29,1
8.56,44.8,-6.63,1
8.8,44.79,-6.89,1
8.36,44.78,-7.01,1
8.29,44.79,-6.91,1
7.9,44.81,-6.47,1
8.21,44.79,-6.89,1
8.83,44.81,-6.51,1
8.28,44.83,-6.13,1
8.46,44.79,-6.88,1
8.61,44.79,-6.85,1
8.14,44.76,-7.35,1
8.45,44.77,-7.22,1
8.48,44.81,-6.53,1
8.25,44.7,-8.13,1
7.99,44.72,-7.97,1
8.34,44.77,-7.14,1
8.23,44.75,-7.41,1
8.64,44.77,-7.11,1
8.63,44.74,-7.65,1
8.54,44.76,-7.4,1
8.49,44.77,-7.15,1
8.11,44.78,-7.0,1
8.85,44.71,-8.03,1
8.18,44.76,-7.39,1
8.38,44.68,-8.41,1
8.83,44.73,-7.82,1
8.38,44.73,-7.77,1
8.36,44.72,-7.86,1
8.91,44.72,-7.88,1
7.93,44.74,-7.59,1
9.01,44.6,-9.41,1
9.78,44.54,-10.1,1
9.33,44.63,-9.09,1
9.25,44.59,-9.56,1
9.38,44.65,-8.82,1
8.96,44.6,-9.46,1
8.96,44.55,-10.01,1
9.07,44.59,-9.5,1
8.53,44.64,-8.95,1
9.6,44.61,-9.29,1
9.19,44.59,-9.49,1
9.8,44.64,-8.95,1
8.99,44.56,-9.88,1
8.77,44.53,-10.18,1
9.1,44.59,-9.53,1
9.66,44.66,-8.71,1
9.23,44.57,-9.73,1
9.37,44.54,-10.1,1
9.31,44.54,-10.12,1
9.33,44.62,-9.15,1
9.31,44.61,-9.34,1
8.82,44.62,-9.15,1
10.13,44.54,-10.09,1
9.32,44.55,-9.96,1
9.29,44.59,-9.49,1
9.19,44.51,-10.39,1
9.31,44.67,-8.6,1
9.38,44.6,-9.43,1
9.44,44.67,-8.58,1
9.36,44.61,-9.3,1
9.67,44.55,-9.96,1
9.26,44.52,-10.28,1
9.83,44.41,-11.38,1
10.34,44.11,-13.97,1
10.81,44.1,-13.99,1
10.97,44.06,-14.33,1
10.83,44.09,-14.1,1
11.12,44.09,-14.11,1
11.48,44.16,-13.49,1
10.65,44.12,-13.85,1
11.27,44.19,-13.3,1
10.74,44.13,-13.77,1
11.12,44.13,-13.78,1
11.43,44.17,-13.46,1
11.9,44.28,-12.48,1
10.43,44.36,-11.82,1
9.22,44.82,-6.38,1
6.9,45.0,0.33,1
5.28,44.43,11.31,1
3.41,43.65,17.4,1
-0.69,42.73,22.52,1
-0.58,41.32,28.46,1
-3.19,39.81,33.49,1
-1.64,39.54,34.36,1
-4.06,40.44,31.45,1
-2.81,40.27,32.04,1
-4.29,40.51,31.22,1
-2.6,40.61,30.94,1
-3.86,40.26,32.03,1
-3.67,40.65,30.78,1
-3.48,40.34,31.79,1
-3.42,40.68,30.68,1
-3.6,40.44,31.46,1
-3.0,40.71,30.6,1
-3.3,40.54,31.15,1
-2.83,41.03,29.48,1
-3.82,40.53,31.18,1
-2.98,40.68,30.69,1
-3.98,40.56,31.06,1
-3.2,40.67,30.72,1
-3.49,40.55,31.12,1
-4.21,40.64,30.79,1
-3.73,40.64,30.8,1
-2.54,40.41,31.62,1
-4.24,40.34,31.76,1
-4.2,40.36,31.71,1
-3.19,40.81,30.24,1
-3.1,40.57,31.05,1
-3.58,40.59,30.96,1
-3.29,40.84,30.14,1
-3.19,40.47,31.39,1
-2.61,40.61,30.95,1
-3.28,40.56,31.1,1
-3.52,40.59,30.98,1
-3.73,40.82,30.18,1
-3.54,40.63,30.85,1
-3.22,40.84,30.14,1
-3.47,40.79,30.31,1
-3.5,40.67,30.71,1
-3.69,40.93,29.82,1
-3.5,40.74,30.48,1
-3.03,40.73,30.51,1
-2.74,40.76,30.42,1
-3.12,40.55,31.11,1
-3.34,40.65,30.77,1
-3.48,40.59,30.97,1
-3.52,40.6,30.94,1
-3.38,40.64,30.82,1
-3.3,40.85,30.09,1
-3.55,40.63,30.84,1
-3.97,40.87,30.01,1
-4.34,41.97,25.84,1
3.12,42.11,25.28,1
5.67,42.85,21.83,1
5.9,43.2,19.99,1
7.26,43.14,20.28,1
7.28,42.81,21.95,1
6.89,43.53,18.07,1
-2.52,43.88,15.92,1
4.58,43.81,16.35,1
3.67,43.53,18.19,1
4.29,43.36,19.16,1
3.65,43.3,19.52,1
3.38,43.45,18.66,1
3.57,43.53,18.18,1
3.6,43.35,19.23,1
3.65,43.49,18.4,1
3.63,43.42,18.81,1
3.65,43.47,18.53,1
4.35,43.48,18.44,1
3.89,43.43,18.76,1
3.51,43.55,18.02,1
3.24,43.66,17.39,1
3.72,43.78,16.59,1
5.43,44.12,14.07,1
4.88,44.45,11.12,1
4.06,44.46,11.11,1
4.2,44.42,11.42,1
3.84,44.36,12.04,1
4.02,44.27,12.85,1
3.89,44.34,12.22,1
4.38,44.3,12.54,1
3.47,44.32,12.41,1
3.55,44.31,12.48,1
3.52,44.28,12.73,1
3.38,44.32,12.39,1
4.25,44.22,13.28,1
4.18,44.26,12.9,1
3.81,44.31,12.51,1
4.06,44.3,12.63,1
4.18,44.25,13.0,1
4.4,44.27,12.86,1
3.52,44.26,12.97,1
3.6,44.26,12.98,1
3.59,44.36,12.07,1
4.2,44.31,12.49,1
4.3,44.33,12.27,1
3.79,44.23,13.16,1
4.05,44.19,13.5,1
3.92,44.27,12.88,1
3.8,44.2,13.44,1
3.61,44.25,13.01,1
4.1,44.27,12.88,1
3.7,44.23,13.2,1
3.39,44.28,12.76,1
3.59,44.17,13.72,1
4.27,44.14,13.95,1
4.28,44.05,14.65,1
3.46,43.58,17.86,1
0.62,43.56,18.01,1
0.3,43.43,18.79,1
0.36,43.28,19.68,1
-1.26,43.62,17.66,1
0.04,42.32,24.41,1
-2.56,41.93,26.03,1
-4.43,42.2,24.88,1
-2.72,42.3,24.48,1
-0.91,42.21,24.87,1
-0.29,42.19,24.96,1
-0.76,42.02,25.69,1
-0.65,41.9,26.22,1
-0.44,41.79,26.64,1
-1.02,42.07,25.49,1
-0.44,41.52,27.7,1
-1.36,42.17,25.08,1
-1.09,41.78,26.69,1
-0.61,42.38,24.15,1
-2.33,42.41,23.99,1
1.37,42.3,24.51,1
2.12,42.57,23.27,1
2.99,42.56,23.29,1
0.81,42.41,24.03,1
1.35,42.39,24.12,1
1.46,42.55,23.35,1
1.28,42.3,24.48,1
0.88,42.44,23.87,1
1.07,42.31,24.45,1
0.55,42.24,24.74,1
-0.95,42.88,21.76,1
2.07,42.63,23.0,1
0.53,42.69,22.72,1
1.51,42.71,22.61,1
0.72,42.49,23.63,1
0.44,42.67,22.78,1
1.75,42.34,24.33,1
1.12,42.42,23.94,1
0.78,42.54,23.44,1
0.98,42.35,24.27,1
1.32,42.23,24.79,1
0.89,42.4,24.04,1
1.04,42.5,23.59,1
0.59,42.54,23.43,1
1.66,42.4,24.04,1
0.88,42.44,23.87,1
0.71,42.39,24.11,1
0.56,42.42,23.97,1
0.71,42.63,23.0,1
0.66,42.33,24.37,1
0.84,42.54,23.41,1
-0.06,42.47,23.76,1
0.65,42.38,24.15,1
0.4,42.42,23.95,1
0.89,43.07,20.78,1
1.64,43.47,18.54,1
3.1,43.79,16.5,1
4.91,44.36,12.01,1
6.89,44.87,5.4,1
8.1,45.0,-0.75,1
9.89,44.98,-2.09,1
9.75,44.99,-1.55,1
10.21,45.0,-0.14,1
9.57,45.0,-0.36,1
9.83,44.97,-2.46,1
10.32,44.97,-2.64,1
10.6,44.97,-2.68,1
11.26,44.97,-2.73,1
10.81,44.94,-3.59,1
11.05,44.95,-3.37,1
11.61,44.95,-3.44,1
11.52,44.86,-5.63,1
10.78,44.92,-4.11,1
11.15,44.91,-4.54,1
11.3,44.92,-4.31,1
11.54,44.94,-3.69,1
11.73,44.93,-4.02,1
10.86,44.92,-4.18,1
11.39,44.92,-4.1,1
11.3,44.94,-3.55,1
10.95,44.96,-2.89,1
10.96,44.95,-3.47,1
11.42,44.95,-3.24,1
11.17,44.95,-3.27,1
11.28,44.95,-3.25,1
10.91,44.95,-3.21,1
11.46,44.94,-3.62,1
10.45,44.98,-2.35,1
9.05,44.99,1.54,1
4.99,44.48,10.86,1
3.64,43.13,20.47,1
1.98,42.38,24.11,1
-0.41,41.71,26.98,1
1.25,41.81,26.56,1
-0.22,41.93,26.07,1
0.62,42.35,24.29,1
1.1,42.67,22.8,1
1.72,42.81,22.13,1
0.66,42.84,21.98,1
2.14,42.82,22.05,1
2.03,42.91,21.61,1
1.56,42.98,21.26,1
1.95,42.99,21.19,1
1.21,42.93,21.51,1
2.08,42.63,22.96,1
2.38,42.84,21.95,1
1.92,42.93,21.5,1
2.0,42.67,22.8,1
1.31,42.99,21.2,1
3.94,43.47,18.5,1
5.45,43.11,20.52,1
3.95,43.24,19.84,1
0.91,42.54,23.43,1
-0.45,42.73,22.52,1
1.12,42.46,23.78,1
2.0,42.42,23.97,1
1.06,42.43,23.91,1
2.46,42.28,24.58,1
1.93,41.84,26.45,1
2.45,41.87,26.3,1
2.44,41.5,27.75,1
2.44,41.55,27.57,1
2.95,41.81,26.51,1
4.04,41.21,28.8,1
4.06,41.58,27.41,1
4.39,41.66,27.08,1
3.76,40.45,31.44,1
3.44,41.2,28.84,1
2.0,41.5,27.77,1
3.5,41.62,27.27,1
1.6,41.59,27.42,1
2.82,41.74,26.8,1
2.47,42.03,25.65,1
1.68,41.93,26.07,1
2.56,41.56,27.51,1
2.56,41.57,27.48,1
2.83,41.6,27.38,1
2.06,41.57,27.5,1
2.45,41.6,27.38,1
2.34,41.47,27.85,1
1.94,41.61,27.33,1
2.2,41.53,27.66,1
2.35,41.62,27.29,1
3.14,41.64,27.21,1
2.28,41.51,27.73,1
2.59,41.46,27.9,1
2.55,41.7,26.97,1
2.45,41.56,27.52,1
2.27,41.44,27.99,1
2.82,41.52,27.65,1
1.84,41.46,27.92,1
2.17,41.37,28.25,1
2.51,41.52,27.67,1
2.5,41.34,28.37,1
1.69,41.53,27.67,1
2.23,41.44,27.97,1
2.45,41.48,27.84,1
2.48,41.29,28.53,1
2.18,41.53,27.63,1
2.22,41.41,28.1,1
1.81,41.57,27.52,1
1.84,41.48,27.83,1
2.16,41.38,28.23,1
1.69,41.31,28.47,1
1.99,41.44,28.0,1
2.57,41.29,28.55,1
2.52,41.26,28.65,1
1.91,41.29,28.54,1
1.95,41.27,28.63,1
2.51,41.28,28.57,1
3.22,41.18,28.91,1
1.73,41.82,26.51,1
0.28,41.2,28.92,1
-0.79,40.48,31.41,1
-2.03,40.03,32.85,1
-2.12,39.01,35.86,1
-2.71,39.12,35.54,1
-1.67,39.26,35.15,1
-1.34,40.22,32.24,1
-2.42,40.2,32.28,1
-0.99,39.94,33.15,1
-2.0,39.78,33.61,1
-2.48,39.73,33.75,1
-1.52,40.12,32.55,1
-3.27,40.23,32.15,1
-4.25,39.63,33.98,1
-5.09,40.55,31.03,1
-3.12,40.61,30.91,1
-3.24,41.18,28.92,1
-3.52,41.05,29.37,1
-3.92,40.8,30.25,1
-3.38,41.23,28.73,1
-3.82,41.42,28.01,1
-3.31,41.16,29.0,1
-3.63,40.72,30.54,1
-4.32,41.26,28.59,1
-3.77,40.77,30.34,1
-2.15,41.15,29.05,1
-2.94,41.5,27.74,1
-2.07,41.48,27.85,1
-1.08,41.76,26.75,1
-0.04,41.9,26.21,1
-1.21,42.29,24.55,1
-0.09,42.86,21.89,1
1.08,43.02,21.07,1
0.99,42.93,21.54,1
1.11,42.77,22.3,1
1.22,42.83,22.05,1
1.58,42.81,22.11,1
1.58,42.9,21.69,1
1.94,42.8,22.17,1
2.29,43.0,21.15,1
1.89,42.82,22.06,1
2.76,42.97,21.28,1
2.15,43.03,21.02,1
2.54,42.98,21.24,1
0.84,42.78,22.26,1
2.14,42.89,21.73,1
1.37,42.98,21.25,1
1.4,42.82,22.07,1
1.71,42.99,21.22,1
1.37,42.97,21.33,1
1.17,42.76,22.36,1
1.38,42.89,21.71,1
1.12,43.04,20.96,1
3.06,43.1,20.62,1
3.15,43.82,16.28,1
3.05,43.51,18.3,1
2.17,43.06,20.83,1
1.01,42.72,22.57,1
2.56,42.54,23.37,1
0.47,42.42,23.96,1
3.0,43.42,18.85,1
3.86,43.83,16.25,1
4.2,42.73,22.47,1
2.32,39.94,33.1,1
0.25,40.21,32.29,1
-0.5,42.25,24.71,1
0.0,43.22,20.0,1
-0.49,42.93,21.52,1
-1.47,42.59,23.19,1
-2.02,42.21,24.89,1
-1.8,42.2,24.95,1
-1.68,42.4,24.03,1
-1.68,42.33,24.36,1
-1.04,42.38,24.13,1
-2.05,42.36,24.23,1
-1.02,42.37,24.19,1
-1.76,41.93,26.08,1
-0.41,42.6,23.14,1
0.7,43.18,20.2,1
0.88,43.05,20.91,1
1.01,43.0,21.14,1
0.61,42.92,21.57,1
0.35,42.94,21.48,1
0.22,43.03,20.99,1
-0.92,43.1,20.64,1
7.49,42.03,25.44,1
1.36,44.3,12.62,1
3.24,43.63,17.56,1
2.74,43.26,19.77,1
4.52,43.52,18.23,1
3.57,43.29,19.54,1
3.37,43.37,19.11,1
1.97,43.2,20.12,1
4.18,43.21,20.02,1
3.26,43.14,20.41,1
3.59,43.28,19.64,1
3.41,43.32,19.38,1
3.71,43.25,19.79,1
3.53,43.2,20.05,1
2.9,43.35,19.27,1
3.63,43.33,19.34,1
3.66,43.21,20.01,1
4.26,43.35,19.21,1
3.95,43.32,19.39,1
3.19,43.36,19.2,1
3.32,43.35,19.22,1
3.89,43.42,18.81,1
3.61,43.34,19.26,1
3.67,43.42,18.82,1
3.15,43.44,18.71,1
3.19,43.41,18.89,1
2.86,43.5,18.38,1
2.86,43.39,19.01,1
3.58,43.43,18.74,1
3.28,43.71,17.04,1
3.39,43.92,15.61,1
-4.05,43.33,19.31,1
0.19,42.55,23.37,1
0.69,42.67,22.8,1
0.16,42.66,22.85,1
-1.49,43.07,20.81,1
-2.1,42.18,25.03,1
-1.37,42.25,24.72,1
-2.0,43.18,20.19,1
-3.25,43.06,20.83,1
0.48,43.12,20.51,1
0.81,43.93,15.56,1
0.64,43.68,17.26,1
0.44,43.92,15.67,1
-0.35,42.99,21.23,1
2.26,42.91,21.62,1
3.72,43.42,18.84,1
3.84,42.77,22.28,1
3.05,42.5,23.55,1
3.23,42.51,23.52,1
3.73,42.84,21.92,1
4.01,42.99,21.16,1
4.51,43.46,18.55,1
6.99,43.34,19.16,1
5.54,43.02,20.94,1
6.41,42.85,21.79,1
7.24,43.14,20.28,1
6.71,43.09,20.53,1
4.93,43.22,19.9,1
6.43,43.08,20.63,1
4.75,42.88,21.68,1
5.09,43.02,20.97,1
3.61,43.49,18.41,1
2.23,43.3,19.52,1
2.2,43.41,18.91,1
1.86,42.98,21.28,1
1.37,42.98,21.27,1
1.42,42.93,21.51,1
1.53,42.62,23.05,1
0.76,42.43,23.94,1
0.16,42.32,24.4,1
0.25,42.59,23.18,1
-1.09,42.39,24.09,1
-0.38,42.5,23.62,1
-0.59,42.45,23.81,1
-0.59,42.38,24.15,1
-0.55,42.6,23.13,1
-0.54,42.54,23.44,1
0.59,43.02,21.07,1
1.1,42.92,21.56,1
0.46,43.32,19.46,1
2.59,43.22,19.98,1
3.28,43.32,19.41,1
3.97,43.37,19.13,1
3.96,43.38,19.05,1
3.51,43.42,18.83,1
5.0,43.44,18.67,1
5.1,43.45,18.62,1
4.22,43.45,18.65,1
4.17,43.38,19.02,1
5.37,43.47,18.49,1
5.38,43.64,17.45,1
2.34,43.82,16.35,1
4.32,44.0,15.01,1
3.16,44.27,12.9,1
3.76,44.23,13.23,1
4.58,44.15,13.87,1
3.03,44.22,13.32,1
3.99,44.27,12.84,1
3.28,44.27,12.89,1
3.34,44.25,13.04,1
3.08,44.32,12.43,1
2.97,44.31,12.54,1
4.08,44.28,12.79,1
3.66,44.25,13.03,1
3.26,44.23,13.23,1
3.61,44.24,13.14,1
2.74,44.26,12.92,1
3.33,44.33,12.28,1
2.79,44.29,12.71,1
3.45,44.33,12.32,1
3.45,44.33,12.36,1
3.1,44.38,11.84,1
3.29,44.35,12.1,1
3.13,44.38,11.9,1
2.66,44.38,11.87,1
2.3,44.28,12.8,1
2.7,44.36,12.07,1
2.6,44.42,11.49,1
2.92,44.42,11.48,1
2.6,44.45,11.22,1
2.85,44.41,11.55,1
3.15,44.35,12.13,1
2.48,44.47,11.0,1
3.08,44.5,10.68,1
3.06,44.52,10.4,1
2.68,44.44,11.31,1
2.9,44.47,10.99,1
3.03,44.54,10.25,1
2.85,44.48,10.88,1
4.06,44.52,10.4,1
2.45,44.5,10.62,1
2.32,44.54,10.28,1
2.19,44.45,11.16,1
2.69,44.42,11.43,1
2.85,44.55,10.08,1
2.28,44.46,11.1,1
3.21,44.51,10.6,1
1.98,44.51,10.6,1
2.42,44.45,11.18,1
2.67,44.41,11.62,1
2.67,44.53,10.31,1
2.51,44.48,10.92,1
3.02,44.46,11.08,1
3.72,44.45,11.13,1
2.02,44.16,13.8,1
1.2,43.35,19.28,1
-0.07,43.46,18.6,1
-1.25,43.02,21.06,1
-2.36,42.61,23.06,1
-1.07,42.88,21.77,1
-0.31,42.65,22.91,1
1.34,42.81,22.12,1
-0.75,42.71,22.61,1
0.71,43.13,20.49,1
-0.41,42.74,22.49,1
-0.68,42.57,23.28,1
-1.58,42.84,21.99,1
0.39,42.48,23.68,1
1.58,41.89,26.21,1
5.64,42.24,24.65,1
6.14,40.84,29.99,1
6.81,40.71,30.41,1
7.82,41.05,29.15,1
6.0,41.5,27.63,1
8.48,41.68,26.76,1
8.71,41.42,27.72,1
9.04,41.72,26.58,1
9.86,41.67,26.71,1
8.94,41.44,27.65,1
7.73,41.26,28.39,1
8.37,41.72,26.63,1
8.82,41.86,26.03,1
7.69,41.68,26.81,1
7.12,41.93,25.87,1
7.24,41.99,25.6,1
7.33,42.08,25.23,1
7.82,42.2,24.71,1
7.24,42.25,24.53,1
7.37,42.36,24.02,1
7.21,42.45,23.64,1
6.94,42.36,24.04,1
7.51,42.41,23.78,1
6.71,42.33,24.18,1
6.77,42.46,23.62,1
6.81,42.55,23.2,1
6.05,42.46,23.64,1
6.61,42.54,23.24,1
5.86,42.55,23.26,1
6.4,42.69,22.58,1
7.56,42.88,21.57,1
3.17,43.55,18.04,1
2.26,43.86,16.03,1
5.45,43.43,18.74,1
2.26,43.35,19.23,1
3.1,43.66,17.39,1
2.68,43.69,17.17,1
3.67,43.68,17.24,1
3.06,43.49,18.41,1
3.56,43.55,18.04,1
3.43,43.62,17.6,1
3.52,43.64,17.49,1
3.6,43.51,18.31,1
3.06,43.58,17.84,1
2.9,43.5,18.33,1
3.3,43.53,18.19,1
2.94,43.47,18.54,1
3.58,43.54,18.09,1
3.23,43.54,18.12,1
2.79,43.44,18.7,1
2.69,43.56,18.0,1
2.67,43.5,18.36,1
3.15,43.43,18.77,1
3.02,43.54,18.11,1
3.56,43.51,18.27,1
3.6,43.36,19.15,1
3.05,43.49,18.43,1
2.7,43.43,18.8,1
2.86,43.29,19.59,1
2.74,43.23,19.9,1
2.6,43.22,19.97,1
3.2,43.37,19.14,1
2.76,43.17,20.23,1
2.75,43.31,19.5,1
3.17,43.38,19.05,1
2.86,43.16,20.32,1
3.18,43.32,19.41,1
3.06,43.21,20.0,1
1.89,43.2,20.07,1
3.29,43.15,20.32,1
2.74,43.21,20.01,1
3.06,43.15,20.33,1
3.39,43.35,19.24,1
3.25,43.25,19.82,1
3.65,43.14,20.37,1
3.16,43.2,20.09,1
2.94,43.18,20.21,1
2.77,43.31,19.46,1
2.44,43.53,18.21,1
1.35,43.49,18.41,1
1.9,43.77,16.69,1
2.12,43.86,16.07,1
2.8,43.78,16.6,1
5.32,43.61,17.61,1
5.72,43.55,17.96,1
7.84,43.65,17.3,1
5.59,43.37,19.04,1
5.93,43.74,16.78,1
4.56,44.2,13.44,1
4.44,44.3,12.56,1
3.68,44.57,9.86,1
3.82,44.67,8.61,1
3.92,44.7,8.28,1
4.71,44.76,7.45,1
5.04,44.75,7.53,1
4.59,44.79,6.88,1
3.83,44.88,5.25,1
3.88,44.93,4.08,1
3.16,44.86,5.74,1
6.09,44.88,5.19,1
6.13,44.83,6.16,1
3.26,44.44,11.3,1
1.69,44.77,7.29,1
3.13,44.79,6.87,1
5.63,44.76,7.44,1
1.53,44.84,6.06,1
-0.68,44.87,5.56,1
1.96,44.96,3.01,1
0.53,44.94,3.67,1
2.26,44.92,4.24,1
2.86,44.94,3.74,1
3.49,44.89,4.91,1
3.56,44.91,4.56,1
3.9,44.94,3.7,1
2.49,44.92,4.32,1
2.5,44.95,3.22,1
3.06,44.91,4.46,1
3.01,44.89,4.91,1
1.22,44.88,5.29,1
2.38,44.95,3.27,1
2.53,44.97,2.62,1
2.59,44.93,4.01,1
3.03,44.94,3.63,1
2.39,44.95,3.25,1
2.49,44.98,2.22,1
1.53,44.99,1.16,1
2.0,44.97,2.52,1
1.22,44.92,4.16,1
2.45,44.89,5.1,1
2.76,44.91,4.45,1
0.76,44.9,4.85,1
3.02,44.92,4.27,1
2.48,44.88,5.31,1
2.41,44.81,6.54,1
2.25,44.87,5.48,1
2.86,44.86,5.62,1
2.35,44.89,5.07,1
2.73,44.87,5.37,1
2.11,44.86,5.67,1
2.12,44.83,6.22,1
1.92,44.85,5.79,1
2.48,44.76,7.37,1
2.35,44.81,6.57,1
2.24,44.78,7.06,1
3.03,44.82,6.42,1
4.55,44.87,5.48,1
4.17,44.84,5.96,1
4.59,44.85,5.93,1
4.95,44.88,5.3,1
4.83,44.83,6.14,1
3.84,44.38,11.83,1
4.01,44.08,14.37,1
0.32,43.34,19.35,1
0.95,-44.87,5.54,2
1.3,-44.87,5.37,2
0.66,-44.91,4.42,2
2.26,-44.93,4.01,2
0.77,-44.95,3.21,2
0.25,-44.94,3.84,2
1.0,-44.96,3.17,2
2.51,-44.92,4.39,2
1.8,-44.88,5.24,2
2.44,-44.97,2.66,2
0.45,-44.9,4.75,2
1.72,-44.96,2.9,2
1.95,-44.91,4.62,2
0.39,-44.94,3.86,2
1.74,-44.94,3.86,2
-1.41,-44.98,2.21,2
-0.75,-44.96,2.89,2
-0.65,-44.96,2.95,2
-1.03,-44.94,3.76,2
-0.15,-44.94,3.58,2
0.24,-44.93,4.08,2
0.12,-44.93,3.9,2
-0.26,-44.97,2.82,2
-0.94,-44.9,4.73,2
-1.14,-44.91,4.48,2
-2.44,-44.93,4.0,2
-2.48,-44.94,3.66,2
-2.72,-44.98,1.9,2
-4.08,-44.91,4.56,2
-2.45,-44.28,12.77,2
-5.75,-44.43,11.38,2
-5.42,-44.24,13.04,2
-6.31,-44.31,12.41,2
-7.19,-44.46,10.96,2
-6.78,-44.4,11.64,2
-4.72,-44.11,14.2,2
-4.16,-44.0,14.99,2
-6.28,-44.58,9.72,2
-7.77,-43.98,15.05,2
-9.11,-43.94,15.28,2
-7.31,-44.42,11.38,2
-8.99,-44.33,12.17,2
-7.74,-44.49,10.66,2
-4.87,-44.35,12.16,2
-7.41,-44.19,13.43,2
-7.27,-44.24,12.99,2
-8.26,-44.45,11.07,2
-7.46,-44.49,10.68,2
-8.74,-44.42,11.35,2
-7.47,-44.59,9.55,2
-9.55,-44.83,6.23,2
-7.99,-44.66,8.7,2
-7.22,-44.66,8.75,2
-7.42,-44.74,7.66,2
-7.58,-44.75,7.51,2
-7.85,-44.76,7.33,2
-7.24,-44.86,5.64,2
-7.1,-44.8,6.73,2
-5.62,-44.82,6.42,2
-8.22,-44.76,7.36,2
-6.84,-44.76,7.32,2
-6.86,-44.76,7.31,2
-7.87,-44.82,6.41,2
-6.68,-44.79,6.95,2
-8.14,-44.8,6.76,2
-6.91,-44.81,6.62,2
-8.98,-44.84,6.02,2
-6.65,-44.77,7.26,2
-6.55,-44.81,6.56,2
-6.47,-44.76,7.42,2
-6.79,-44.79,6.91,2
-5.26,-44.8,6.73,2
-5.89,-44.78,7.01,2
-5.72,-44.72,7.96,2
-2.68,-44.74,7.72,2
-3.15,-44.64,9.06,2
-2.74,-44.55,10.08,2
-1.42,-44.39,11.74,2
-2.63,-44.62,9.27,2
-0.86,-44.51,10.59,2
-2.51,-44.71,8.07,2
1.31,-44.8,6.74,2
-0.75,-44.6,9.52,2
-5.86,-44.37,11.92,2
-6.54,-44.24,13.04,2
-4.94,-44.49,10.77,2
-4.41,-44.63,9.22,2
-3.94,-44.57,9.92,2
-4.37,-44.55,10.11,2
-3.96,-44.54,10.23,2
-3.75,-44.56,10.05,2
-4.03,-44.5,10.62,2
-3.77,-44.55,10.08,2
-3.93,-44.58,9.74,2
-3.84,-44.53,10.36,2
-3.65,-44.54,10.19,2
-4.2,-44.53,10.27,2
-4.09,-44.59,9.63,2
-3.87,-44.71,8.08,2
-3.4,-44.54,10.26,2
-3.57,-44.59,9.68,2
-3.69,-44.59,9.7,2
-3.64,-44.64,9.06,2
-3.11,-44.59,9.63,2
-2.53,-44.63,9.18,2
-4.24,-44.62,9.25,2
-4.04,-44.62,9.28,2
-4.1,-44.6,9.57,2
-4.28,-44.7,8.31,2
-4.0,-44.57,9.85,2
-3.21,-44.55,10.13,2
-2.21,-44.5,10.66,2
-4.45,-44.77,7.26,2
-2.34,-44.7,8.28,2
-4.96,-44.72,7.95,2
-2.55,-44.72,8.02,2
0.7,-44.59,9.66,2
-0.43,-44.17,13.74,2
-6.2,-43.91,15.6,2
-2.99,-44.09,14.31,2
-3.81,-44.78,7.14,2
-1.62,-44.71,8.11,2
-2.53,-44.81,6.63,2
-0.86,-44.85,5.8,2
-1.93,-44.73,7.89,2
-2.32,-44.78,7.04,2
-2.72,-44.82,6.49,2
-2.48,-44.78,7.11,2
-2.55,-44.75,7.6,2
-2.66,-44.76,7.45,2
-2.24,-44.74,7.75,2
-3.61,-44.79,6.87,2
-3.39,-44.7,8.2,2
-3.04,-44.69,8.39,2
-3.09,-44.68,8.47,2
-2.71,-44.7,8.33,2
-2.39,-44.74,7.76,2
-2.76,-44.7,8.21,2
-2.01,-44.76,7.43,2
-2.51,-44.72,8.05,2
-2.29,-44.75,7.62,2
-2.27,-44.74,7.7,2
-2.65,-44.7,8.25,2
-4.9,-44.88,5.13,2
-1.91,-44.5,10.67,2
-4.2,-44.03,14.8,2
-2.33,-43.84,16.17,2
-2.59,-44.35,12.13,2
-5.59,-44.46,11.06,2
-3.29,-44.16,13.76,2
-5.84,-43.89,15.78,2
-4.67,-43.95,15.35,2
-6.11,-44.11,14.15,2
-9.85,-44.02,14.67,2
-5.59,-44.18,13.58,2
-7.14,-44.35,12.02,2
-5.98,-44.33,12.25,2
-5.61,-44.49,10.75,2
-2.5,-44.42,11.43,2
-6.64,-44.45,11.08,2
-7.72,-44.41,11.49,2
-6.03,-44.49,10.73,2
-6.18,-44.44,11.21,2
-6.04,-44.41,11.56,2
-5.89,-44.5,10.57,2
-6.29,-44.39,11.73,2
-6.34,-44.37,11.9,2
-6.75,-44.43,11.35,2
-6.39,-44.47,10.93,2
-5.77,-44.38,11.83,2
-5.22,-44.44,11.28,2
-5.31,-44.49,10.72,2
-5.97,-44.45,11.1,2
-5.25,-44.39,11.7,2
-6.38,-44.32,12.32,2
-5.33,-44.44,11.26,2
-5.3,-44.48,10.84,2
-5.37,-44.41,11.53,2
-5.59,-44.34,12.2,2
-5.17,-44.38,11.8,2
-5.35,-44.34,12.17,2
-5.63,-44.46,11.03,2
-5.28,-44.43,11.35,2
-5.34,-44.46,11.07,2
-6.58,-44.44,11.2,2
-5.91,-44.51,10.55,2
-5.54,-44.56,9.91,2
-5.46,-44.46,11.02,2
-5.76,-44.46,11.03,2
-7.18,-44.55,10.03,2
-5.22,-44.66,8.71,2
-5.43,-44.59,9.64,2
-4.32,-44.59,9.59,2
-5.96,-44.48,10.87,2
-6.09,-44.56,9.99,2
-4.94,-44.58,9.79,2
-5.16,-44.48,10.89,2
-5.43,-44.48,10.81,2
-8.07,-44.63,9.12,2
-7.0,-44.63,9.06,2
-6.64,-44.6,9.45,2
-6.6,-44.5,10.55,2
-5.86,-44.59,9.57,2
-6.73,-44.5,10.62,2
-5.63,-44.65,8.9,2
-6.21,-44.63,9.08,2
-4.72,-44.58,9.7,2
-5.05,-44.48,10.82,2
-5.18,-44.43,11.3,2
-6.11,-44.53,10.29,2
-8.02,-44.48,10.79,2
-6.47,-44.61,9.43,2
-6.33,-44.69,8.4,2
-6.16,-44.67,8.59,2
-6.37,-44.69,8.38,2
-6.69,-44.67,8.61,2
-6.65,-44.52,10.43,2
-6.95,-44.64,9.02,2
-5.83,-44.63,9.15,2
-6.26,-44.53,10.26,2
-5.92,-44.61,9.37,2
-5.97,-44.6,9.54,2
-6.11,-44.53,10.29,2
-5.95,-44.58,9.78,2
-6.25,-44.61,9.36,2
-6.08,-44.6,9.54,2
-6.64,-44.53,10.23,2
-6.46,-44.53,10.24,2
-6.4,-44.51,10.55,2
-5.73,-44.56,9.97,2
-6.87,-44.42,11.45,2
-6.45,-44.41,11.51,2
-6.68,-44.61,9.42,2
-6.6,-44.3,12.51,2
-7.09,-44.21,13.32,2
-5.42,-44.45,11.11,2
-8.12,-44.09,14.2,2
-7.7,-44.18,13.48,2
-8.51,-44.09,14.23,2
-6.16,-44.13,14.0,2
-7.02,-44.47,10.89,2
-6.48,-44.52,10.34,2
-6.86,-44.3,12.56,2
-5.47,-43.7,17.03,2
-7.06,-43.69,17.06,2
-7.49,-43.76,16.6,2
-7.81,-43.97,15.15,2
-7.19,-43.79,16.4,2
-6.19,-43.93,15.45,2
-8.56,-44.0,14.87,2
-7.78,-44.36,11.98,2
-7.63,-44.25,12.95,2
-7.76,-44.36,11.98,2
-9.16,-44.64,8.9,2
-8.15,-44.39,11.62,2
-5.27,-44.39,11.77,2
-7.7,-44.33,12.21,2
-7.1,-44.27,12.77,2
-6.23,-44.35,12.1,2
-5.96,-44.3,12.51,2
-7.36,-44.51,10.52,2
-7.59,-44.34,12.13,2
-6.05,-44.39,11.71,2
-6.97,-44.42,11.37,2
-7.83,-44.45,11.1,2
-7.2,-44.54,10.19,2
-7.19,-44.49,10.67,2
-6.77,-44.54,10.17,2
-6.11,-44.49,10.76,2
-6.94,-44.51,10.51,2
-6.03,-44.49,10.73,2
-7.55,-44.56,9.98,2
-6.95,-44.48,10.81,2
-6.31,-44.5,10.62,2
-6.81,-44.53,10.28,2
-6.49,-44.47,10.95,2
-6.77,-44.55,10.09,2
-6.51,-44.51,10.52,2
-5.86,-44.43,11.33,2
-5.78,-44.41,11.53,2
-6.12,-44.43,11.29,2
-5.44,-44.63,9.14,2
-6.07,-44.65,8.85,2
-6.81,-44.47,10.96,2
-6.71,-44.55,10.06,2
-6.26,-44.51,10.53,2
-6.48,-44.55,10.04,2
-6.89,-44.55,10.01,2
-5.11,-44.46,11.0,2
-5.6,-44.46,11.01,2
-5.45,-44.45,11.16,2
-5.26,-44.46,11.02,2
-5.89,-44.44,11.25,2
-6.04,-44.49,10.74,2
-5.9,-44.53,10.34,2
-5.82,-44.44,11.23,2
-6.02,-44.46,11.04,2
-6.36,-44.54,10.13,2
-7.22,-44.51,10.49,2
-6.43,-44.54,10.16,2
-5.94,-44.52,10.39,2
-6.14,-44.57,9.86,2
-6.13,-44.52,10.42,2
-6.63,-44.53,10.3,2
-6.64,-44.61,9.42,2
-6.24,-44.58,9.69,2
-6.22,-44.57,9.82,2
-6.25,-44.65,8.87,2
-6.59,-44.63,9.11,2
-6.44,-44.6,9.54,2
-6.03,-44.62,9.3,2
-5.32,-44.62,9.3,2
-6.08,-44.57,9.81,2
-5.9,-44.53,10.27,2
-5.47,-44.58,9.76,2
-5.82,-44.59,9.64,2
-6.25,-44.61,9.38,2
-5.7,-44.56,9.94,2
-5.37,-44.57,9.81,2
-4.47,-44.59,9.59,2
-5.74,-44.59,9.65,2
-4.15,-44.52,10.38,2
-5.82,-44.6,9.52,2
-5.71,-44.66,8.72,2
-6.18,-44.6,9.45,2
-6.25,-44.59,9.57,2
-5.59,-44.54,10.19,2
-5.59,-44.56,9.98,2
-5.48,-44.59,9.57,2
-5.93,-44.56,9.98,2
-5.78,-44.64,9.04,2
-5.64,-44.58,9.73,2
-4.5,-44.59,9.64,2
-5.65,-44.62,9.25,2
-5.82,-44.52,10.42,2
-5.98,-44.59,9.57,2
-5.31,-44.54,10.21,2
-6.13,-44.55,10.03,2
-6.17,-44.61,9.33,2
-4.86,-44.6,9.55,2
-5.73,-44.51,10.52,2
-6.54,-44.59,9.6,2
-5.88,-44.58,9.73,2
-5.02,-44.53,10.33,2
-5.35,-44.45,11.15,2
-5.19,-44.44,11.24,2
-4.99,-44.64,9.07,2
-2.51,-44.55,10.17,2
-4.33,-44.6,9.53,2
-3.28,-44.68,8.56,2
-4.27,-44.64,8.98,2
-4.34,-44.66,8.84,2
-4.69,-44.53,10.29,2
-4.2,-44.6,9.57,2
-4.08,-44.56,9.95,2
-4.51,-44.59,9.64,2
-4.82,-44.6,9.46,2
-4.95,-44.61,9.46,2
-5.04,-44.6,9.56,2
-4.05,-44.61,9.39,2
-4.56,-44.5,10.68,2
-4.15,-44.63,9.21,2
-4.41,-44.67,8.72,2
-5.15,-44.59,9.69,2
-4.86,-44.65,8.87,2
-5.37,-44.58,9.73,2
-4.66,-44.69,8.39,2
-4.82,-44.55,10.12,2
-5.34,-44.63,9.2,2
-4.33,-44.53,10.28,2
-5.05,-44.56,9.94,2
-5.62,-44.68,8.53,2
-5.43,-44.65,8.88,2
-5.05,-44.58,9.74,2
-6.41,-44.59,9.61,2
-4.84,-44.54,10.21,2
-4.26,-44.62,9.26,2
-3.9,-44.63,9.16,2
-5.52,-44.51,10.56,2
-5.21,-44.46,11.03,2
-4.49,-44.59,9.67,2
-4.55,-44.65,8.91,2
-4.82,-44.59,9.64,2
-4.05,-44.55,10.07,2
-4.92,-44.5,10.68,2
-4.3,-44.44,11.22,2
-3.44,-44.6,9.5,2
-4.3,-44.6,9.5,2
-4.81,-44.53,10.32,2
-4.71,-44.62,9.25,2
-3.59,-44.57,9.93,2
-4.23,-44.56,9.94,2
-4.32,-44.54,10.26,2
-4.88,-44.56,10.02,2
-4.18,-44.57,9.9,2
-4.17,-44.52,10.43,2
-4.4,-44.47,10.94,2
-4.18,-44.56,10.0,2
-5.07,-44.55,10.09,2
-4.44,-44.46,11.07,2
-4.01,-44.49,10.73,2
-4.06,-44.48,10.81,2
-4.59,-44.55,10.13,2
-5.19,-44.42,11.45,2
-4.67,-44.6,9.48,2
-4.21,-44.51,10.53,2
-4.83,-44.49,10.7,2
-5.71,-44.58,9.79,2
-4.92,-44.46,11.05,2
-4.93,-44.5,10.61,2
-4.23,-44.59,9.6,2
-4.87,-44.53,10.26,2
-4.99,-44.47,10.96,2
-5.57,-44.44,11.23,2
-5.63,-44.5,10.59,2
-6.08,-44.52,10.39,2
-5.43,-44.58,9.7,2
-5.2,-44.55,10.1,2
-5.04,-44.5,10.6,2
-5.56,-44.52,10.44,2
-5.22,-44.51,10.55,2
-4.82,-44.4,11.63,2
-5.41,-44.44,11.21,2
-6.15,-44.42,11.44,2
-4.61,-44.6,9.57,2
-4.67,-44.52,10.47,2
-3.79,-44.56,10.03,2
-5.11,-44.44,11.27,2
-4.4,-44.46,11.09,2
-3.65,-44.37,11.95,2
-5.94,-44.65,8.94,2
-5.7,-44.51,10.53,2
-3.98,-44.57,9.93,2
-3.88,-44.19,13.53,2
-3.75,-44.54,10.27,2
-3.75,-44.73,7.87,2
-3.53,-44.71,8.15,2
-2.53,-44.6,9.5,2
-3.61,-44.55,10.09,2
-3.37,-44.54,10.25,2
-3.91,-44.62,9.35,2
-3.11,-44.55,10.09,2
-3.22,-44.5,10.64,2
-3.48,-44.64,8.99,2
-4.84,-44.55,10.07,2
-4.07,-44.51,10.52,2
-3.23,-44.45,11.22,2
-3.33,-44.42,11.47,2
-2.85,-44.53,10.3,2
-3.98,-44.53,10.3,2
-3.61,-44.39,11.8,2
-2.83,-44.47,10.97,2
-3.13,-44.45,11.16,2
-2.48,-44.55,10.13,2
-2.9,-44.52,10.49,2
-3.34,-44.51,10.54,2
-3.12,-44.57,9.94,2
-3.15,-44.58,9.72,2
-3.56,-44.6,9.58,2
-3.0,-44.53,10.3,2
-2.66,-44.55,10.11,2
-2.72,-44.49,10.73,2
-2.72,-44.44,11.26,2
-3.64,-44.62,9.3,2
-3.36,-44.51,10.51,2
-2.94,-44.35,12.16,2
-3.94,-44.41,11.56,2
-4.38,-44.34,12.2,2
-3.46,-44.24,13.08,2
-3.99,-44.27,12.86,2
-4.22,-44.48,10.85,2
-2.66,-44.33,12.31,2
-3.75,-44.32,12.38,2
-3.73,-44.48,10.83,2
-3.92,-44.54,10.24,2
-2.26,-44.42,11.51,2
-3.57,-44.43,11.39,2
-4.5,-44.39,11.75,2
-3.23,-44.52,10.49,2
-5.95,-44.51,10.52,2
-4.12,-44.58,9.72,2
-3.01,-44.42,11.49,2
-5.11,-44.68,8.48,2
-4.66,-44.43,11.39,2
-6.04,-44.59,9.66,2
-4.21,-44.31,12.53,2
-4.79,-44.38,11.83,2
-4.96,-44.48,10.81,2
-6.12,-44.49,10.67,2
-5.61,-44.52,10.39,2
-5.31,-44.41,11.51,2
-4.59,-44.34,12.2,2
-5.72,-44.49,10.76,2
-4.62,-44.5,10.67,2
-5.01,-44.55,10.11,2
-5.34,-44.51,10.57,2
-5.12,-44.55,10.11,2
-4.38,-44.43,11.4,2
-5.19,-44.35,12.1,2
-4.71,-44.26,12.94,2
-4.93,-44.35,12.16,2
-4.24,-44.31,12.46,2
-4.19,-44.32,12.38,2
-4.78,-44.43,11.34,2
-4.45,-44.4,11.61,2
-2.19,-44.35,12.17,2
-3.91,-44.26,12.9,2
-3.63,-44.37,11.96,2
-5.97,-43.65,17.38,2
-8.09,-43.37,18.95,2
-7.43,-42.87,21.64,2
-12.33,-42.51,23.0,2
-9.21,-41.66,26.8,2
-11.16,-40.58,30.41,2
-10.6,-41.75,26.33,2
-10.13,-41.92,25.69,2
-10.98,-41.26,28.1,2
-10.27,-40.81,29.74,2
-9.89,-41.27,28.17,2
-10.25,-40.41,31.07,2
-10.68,-40.41,31.02,2
-10.65,-40.89,29.45,2
-10.14,-41.05,28.95,2
-10.41,-40.82,29.7,2
-10.86,-40.9,29.4,2
-10.65,-40.99,29.09,2
-10.43,-40.86,29.56,2
-11.03,-41.02,28.97,2
-10.03,-40.94,29.33,2
-10.2,-41.06,28.91,2
-10.98,-40.7,30.04,2
-11.84,-40.48,30.66,2
-12.37,-39.69,33.01,2
-12.38,-39.58,33.33,2
-12.2,-39.11,34.7,2
-12.38,-38.86,35.35,2
-11.76,-39.12,34.73,2
-12.37,-39.12,34.65,2
-12.13,-38.79,35.58,2
-11.69,-38.64,36.04,2
-12.35,-38.8,35.5,2
-12.52,-38.75,35.6,2
-11.96,-38.56,36.21,2
-12.1,-38.95,35.15,2
-11.71,-38.76,35.71,2
-11.67,-38.99,35.1,2
-11.15,-39.05,35.0,2
-11.53,-39.71,33.08,2
-11.3,-41.09,28.68,2
-9.73,-41.95,25.61,2
-9.15,-42.57,22.98,2
-8.31,-42.49,23.38,2
-8.93,-42.93,21.24,2
-5.95,-43.13,20.37,2
-8.86,-43.13,20.25,2
-7.82,-43.1,20.46,2
-7.44,-42.83,21.82,2
-7.08,-42.74,22.28,2
-6.5,-43.22,19.89,2
-8.06,-43.02,20.87,2
-7.29,-42.98,21.09,2
-6.32,-43.29,19.5,2
-7.2,-43.63,17.44,2
-6.36,-43.94,15.41,2
-7.33,-43.74,16.71,2
-6.14,-43.85,16.06,2
-6.38,-43.76,16.6,2
-6.25,-44.0,14.99,2
-5.97,-43.96,15.28,2
-5.21,-43.95,15.35,2
-5.91,-43.81,16.32,2
-6.03,-43.92,15.57,2
-5.92,-43.76,16.67,2
-5.84,-43.8,16.36,2
-5.64,-43.92,15.53,2
-5.51,-43.89,15.75,2
-5.27,-43.91,15.67,2
-6.12,-43.9,15.7,2
-5.12,-43.97,15.2,2
-5.74,-43.96,15.24,2
-5.95,-43.97,15.21,2
-5.91,-44.01,14.92,2
-6.78,-44.1,14.21,2
-5.21,-44.07,14.49,2
-6.02,-44.08,14.38,2
-5.88,-44.4,11.59,2
-6.16,-44.48,10.83,2
-5.02,-44.68,8.46,2
-3.45,-44.76,7.38,2
-3.5,-44.93,4.1,2
-3.55,-44.82,6.45,2
-1.74,-44.77,7.28,2
-4.3,-44.76,7.38,2
-4.99,-44.62,9.31,2
-5.41,-44.65,8.95,2
-5.04,-44.66,8.81,2
-4.75,-44.57,9.86,2
-4.82,-44.63,9.13,2
-6.27,-44.73,7.77,2
-4.89,-44.62,9.28,2
-5.33,-44.71,8.13,2
-4.49,-44.65,8.86,2
-4.52,-44.71,8.09,2
-5.13,-44.56,9.97,2
-3.48,-44.74,7.64,2
-4.15,-44.65,8.85,2
-4.34,-44.7,8.26,2
-4.28,-44.68,8.53,2
-4.63,-44.69,8.33,2
-4.72,-44.71,8.07,2
-4.4,-44.7,8.23,2
-4.6,-44.73,7.87,2
-4.15,-44.67,8.63,2
-3.87,-44.75,7.59,2
-3.72,-44.71,8.15,2
-3.57,-44.71,8.06,2
-4.33,-44.67,8.7,2
-3.78,-44.66,8.74,2
-4.97,-44.65,8.88,2
-4.74,-44.7,8.24,2
-5.16,-44.71,8.07,2
-4.63,-44.69,8.36,2
-4.53,-44.72,7.97,2
-4.42,-44.72,7.93,2
-4.31,-44.7,8.28,2
-4.08,-44.68,8.54,2
-4.41,-44.68,8.56,2
-4.48,-44.69,8.34,2
-4.42,-44.72,7.97,2
-4.55,-44.71,8.15,2
-5.03,-44.75,7.52,2
-4.81,-44.72,7.99,2
-4.94,-44.67,8.62,2
-4.44,-44.76,7.46,2
-4.22,-44.72,7.98,2
-4.46,-44.76,7.39,2
-5.03,-44.71,8.15,2
-4.85,-44.77,7.2,2
-5.15,-44.71,8.08,2
-4.27,-44.73,7.81,2
-4.69,-44.76,7.4,2
-4.44,-44.75,7.57,2
-3.82,-44.73,7.85,2
-4.11,-44.72,7.96,2
-4.29,-44.83,6.14,2
-4.27,-44.79,6.98,2
-3.85,-44.75,7.6,2
-3.58,-44.75,7.52,2
-3.57,-44.83,6.21,2
-3.38,-44.72,7.99,2
-3.3,-44.72,7.93,2
-3.03,-44.77,7.16,2
-4.2,-44.74,7.75,2
-4.53,-44.68,8.47,2
-3.67,-44.73,7.79,2
-3.67,-44.7,8.29,2
-4.6,-44.69,8.34,2
-4.01,-44.72,8.03,2
-4.55,-44.68,8.57,2
-2.94,-44.77,7.26,2
-3.66,-44.78,7.0,2
-3.23,-44.82,6.46,2
-3.12,-44.76,7.4,2
-3.04,-44.77,7.24,2
-3.12,-44.66,8.84,2
-3.45,-44.73,7.78,2
-3.54,-44.71,8.13,2
-4.12,-44.73,7.82,2
-3.19,-44.73,7.78,2
-3.23,-44.69,8.38,2
-2.93,-44.76,7.44,2
-3.55,-44.79,6.92,2
-3.18,-44.77,7.32,2
-3.48,-44.71,8.09,2
-2.53,-44.66,8.82,2
-7.01,-44.38,11.8,2
-2.63,-44.33,12.29,2
-5.27,-44.04,14.69,2
-5.81,-43.67,17.21,2
-7.56,-43.88,15.79,2
-8.5,-43.89,15.67,2
-5.2,-43.83,16.19,2
-2.82,-44.19,13.58,2
-9.72,-43.97,15.07,2
-10.35,-43.61,17.38,2
-8.99,-43.72,16.79,2
-7.06,-43.89,15.72,2
-7.04,-43.76,16.61,2
-6.5,-43.78,16.49,2
-8.06,-43.98,15.05,2
-7.25,-43.84,16.07,2
-7.89,-43.71,16.87,2
-7.4,-43.73,16.81,2
-7.69,-43.77,16.54,2
-7.83,-43.75,16.62,2
-7.69,-43.95,15.31,2
-8.33,-43.82,16.17,2
-7.97,-43.64,17.36,2
-7.28,-43.73,16.8,2
-8.12,-43.69,16.99,2
-8.19,-43.68,17.1,2
-8.57,-43.75,16.62,2
-8.23,-43.72,16.82,2
-8.01,-43.79,16.36,2
-8.34,-43.79,16.37,2
-8.92,-43.71,16.84,2
-8.01,-43.76,16.6,2
-8.78,-43.84,15.99,2
-8.46,-43.94,15.31,2
-8.1,-43.77,16.48,2
-6.81,-43.75,16.71,2
-7.99,-42.47,23.48,2
-8.54,-43.1,20.42,2
-10.12,-42.88,21.41,2
-9.94,-42.63,22.62,2
-10.72,-43.07,20.42,2
-10.16,-42.82,21.69,2
-9.78,-42.69,22.37,2
-9.03,-42.78,21.99,2
-9.89,-43.38,18.79,2
-8.39,-43.65,17.29,2
-8.06,-43.52,18.09,2
-9.68,-43.63,17.31,2
-8.45,-43.27,19.5,2
-8.36,-43.3,19.31,2
-7.23,-43.19,20.0,2
-8.29,-43.44,18.53,2
-9.17,-43.46,18.38,2
-9.24,-43.41,18.66,2
-7.33,-43.37,19.01,2
-8.54,-43.58,17.71,2
-7.54,-43.4,18.82,2
-6.86,-43.41,18.79,2
-8.6,-43.4,18.77,2
-8.43,-43.45,18.47,2
-7.56,-43.37,18.97,2
-8.31,-43.28,19.45,2
-7.74,-43.39,18.83,2
-8.47,-43.5,18.19,2
-8.7,-43.52,18.07,2
-7.3,-43.48,18.33,2
-8.78,-43.45,18.47,2
-8.41,-43.39,18.83,2
-8.19,-43.45,18.48,2
-9.92,-43.36,18.9,2
-8.64,-43.45,18.48,2
-8.13,-43.63,17.38,2
-8.27,-43.52,18.1,2
-7.84,-43.57,17.81,2
-7.95,-43.54,17.94,2
-8.11,-43.55,17.91,2
-7.77,-43.47,18.4,2
-7.55,-43.6,17.58,2
-8.47,-43.4,18.73,2
-6.71,-43.51,18.22,2
-7.62,-43.61,17.53,2
-7.75,-43.76,16.58,2
-7.89,-43.68,17.1,2
-7.26,-43.69,17.04,2
-8.28,-43.69,17.01,2
-7.52,-43.7,16.99,2
-8.63,-43.32,19.21,2
-7.8,-43.7,16.94,2
-8.05,-43.6,17.58,2
-7.6,-43.6,17.62,2
-8.45,-43.57,17.78,2
-7.21,-43.48,18.35,2
-7.3,-43.54,17.98,2
-8.99,-43.52,18.05,2
-8.34,-43.58,17.71,2
-8.25,-43.57,17.77,2
-8.35,-43.42,18.63,2
-8.43,-43.49,18.24,2
-8.39,-43.59,17.66,2
-8.17,-43.42,18.65,2
-8.13,-43.56,17.85,2
-9.52,-43.37,18.9,2
-8.03,-43.5,18.21,2
-8.13,-43.65,17.27,2
-7.9,-43.57,17.75,2
-8.46,-43.53,18.02,2
-8.77,-43.53,17.97,2
-8.9,-43.66,17.16,2
-8.71,-43.57,17.77,2
-8.15,-43.58,17.7,2
-8.95,-43.62,17.42,2
-8.77,-43.52,18.02,2
-8.77,-43.4,18.73,2
-8.46,-43.45,18.45,2
-8.86,-43.62,17.42,2
-8.7,-43.78,16.38,2
-8.76,-43.64,17.31,2
-8.67,-43.53,17.97,2
-7.74,-43.82,16.18,2
-8.08,-43.82,16.14,2
-8.67,-43.8,16.3,2
-8.59,-43.69,17.02,2
-9.32,-43.72,16.76,2
-10.09,-43.68,16.97,2
-8.62,-43.48,18.3,2
-8.29,-43.44,18.56,2
-8.4,-43.35,19.07,2
-7.77,-43.21,19.87,2
-7.79,-43.31,19.32,2
-7.98,-43.19,19.98,2
-7.69,-43.2,19.94,2
-7.19,-43.08,20.57,2
-8.86,-43.39,18.78,2
-8.81,-43.28,19.41,2
-8.02,-43.19,19.97,2
-7.23,-43.44,18.57,2
-7.69,-43.51,18.14,2
-8.06,-43.45,18.5,2
-6.81,-43.41,18.78,2
-7.33,-43.44,18.61,2
-7.56,-43.41,18.75,2
-7.53,-43.43,18.65,2
-6.99,-43.62,17.52,2
-7.15,-43.43,18.65,2
-6.93,-43.48,18.34,2
-7.01,-43.31,19.32,2
-7.0,-43.43,18.67,2
-7.22,-43.43,18.63,2
-7.67,-43.3,19.37,2
-7.17,-43.26,19.62,2
-7.23,-43.29,19.43,2
-6.96,-43.36,19.04,2
-7.39,-43.35,19.09,2
-7.01,-43.34,19.2,2
-7.08,-43.32,19.29,2
-7.26,-43.27,19.57,2
-7.34,-43.3,19.37,2
-7.75,-43.56,17.85,2
-6.46,-43.43,18.68,2
-7.03,-43.36,19.05,2
-7.47,-43.37,18.97,2
-7.33,-43.28,19.47,2
-7.58,-43.22,19.79,2
-7.23,-43.33,19.22,2
-6.77,-43.41,18.75,2
-7.72,-43.42,18.68,2
-7.29,-43.45,18.55,2
-6.84,-43.35,19.13,2
-7.61,-43.44,18.58,2
-7.58,-43.41,18.74,2
-7.54,-43.45,18.52,2
-7.57,-43.37,19.0,2
-7.43,-43.37,19.0,2
-7.14,-43.36,19.06,2
-7.13,-43.33,19.22,2
-6.98,-43.22,19.84,2
-6.79,-43.4,18.84,2
-6.94,-43.36,19.04,2
-6.48,-43.33,19.26,2
-7.04,-43.46,18.49,2
-6.86,-43.41,18.76,2
-7.34,-43.48,18.35,2
-7.29,-43.39,18.89,2
-6.73,-43.33,19.27,2
-6.98,-43.38,18.93,2
-7.05,-43.4,18.81,2
-6.94,-43.41,18.79,2
-7.22,-43.39,18.86,2
-7.07,-43.34,19.16,2
-7.06,-43.48,18.38,2
-6.97,-43.43,18.66,2
-7.27,-43.52,18.09,2
-6.92,-43.38,18.97,2
-7.13,-43.36,19.07,2
-7.06,-43.31,19.36,2
-6.83,-43.44,18.58,2
-6.67,-43.28,19.5,2
-6.52,-43.34,19.17,2
-6.73,-43.31,19.35,2
-7.37,-43.4,18.79,2
-7.1,-43.47,18.41,2
-6.82,-43.34,19.2,2
-6.65,-43.4,18.85,2
-6.68,-43.49,18.33,2
-6.6,-43.31,19.36,2
-7.04,-43.56,17.86,2
-6.66,-43.49,18.29,2
-6.68,-43.4,18.83,2
-5.87,-43.5,18.3,2
-7.59,-43.51,18.14,2
-6.9,-43.34,19.15,2
-5.01,-43.42,18.76,2
-7.36,-43.45,18.52,2
-9.51,-43.71,16.8,2
-7.94,-43.51,18.14,2
-5.62,-43.39,18.93,2
-9.18,-43.24,19.63,2
-9.94,-43.32,19.13,2
-3.73,-43.26,19.72,2
-7.92,-43.39,18.86,2
-15.13,-43.24,19.18,2
-10.13,-42.86,21.5,2
-6.6,-43.06,20.69,2
-6.4,-43.27,19.61,2
-6.9,-43.17,20.13,2
-6.84,-43.29,19.44,2
-5.63,-43.47,18.49,2
-6.33,-43.45,18.57,2
-6.57,-43.38,18.93,2
-6.24,-43.35,19.15,2
-7.05,-43.55,17.96,2
-6.58,-43.39,18.91,2
-6.61,-43.43,18.65,2
-6.84,-43.37,19.01,2
-6.2,-43.41,18.8,2
-6.85,-43.43,18.66,2
-6.79,-43.44,18.58,2
-6.56,-43.41,18.79,2
-6.85,-43.45,18.53,2
-6.64,-43.35,19.11,2
-6.7,-43.27,19.58,2
-7.16,-43.49,18.29,2
-6.95,-43.35,19.1,2
-6.78,-43.42,18.72,2
-6.26,-43.35,19.13,2
-6.45,-43.39,18.9,2
-8.73,-43.89,15.66,2
-6.59,-43.58,17.77,2
-4.06,-43.24,19.82,2
-6.69,-43.44,18.59,2
-5.04,-43.63,17.49,2
-6.68,-43.78,16.48,2
-5.92,-43.34,19.2,2
-5.98,-43.17,20.14,2
-6.47,-43.28,19.51,2
-5.93,-43.32,19.34,2
-6.71,-43.18,20.04,2
-6.34,-43.29,19.5,2
-5.37,-43.2,20.0,2
-5.86,-42.98,21.16,2
-6.08,-43.21,19.95,2
-5.12,-42.96,21.28,2
-5.57,-43.24,19.79,2
-5.51,-43.12,20.42,2
-5.56,-43.15,20.29,2
-5.35,-43.15,20.31,2
-4.92,-42.97,21.25,2
-4.75,-43.07,20.71,2
-5.55,-42.98,21.16,2
-4.22,-42.91,21.59,2
-5.22,-42.94,21.4,2
-5.42,-42.85,21.8,2
-4.99,-43.11,20.51,2
-5.27,-43.69,17.12,2
-4.91,-43.75,16.75,2
-3.89,-43.26,19.74,2
-9.6,-44.02,14.72,2
-5.91,-43.88,15.86,2
-2.66,-43.59,17.8,2
-5.03,-43.2,20.03,2
-3.91,-43.13,20.43,2
-6.22,-43.66,17.28,2
-4.44,-43.56,17.94,2
-4.09,-43.33,19.33,2
-4.84,-43.17,20.21,2
-3.76,-42.93,21.5,2
-5.75,-43.58,17.83,2
-4.6,-42.9,21.62,2
-4.77,-43.09,20.62,2
-5.26,-42.97,21.25,2
-7.99,-42.81,21.88,2
-3.0,-43.75,16.81,2
-1.88,-43.77,16.69,2
-1.34,-43.56,18.01,2
-1.44,-43.86,16.06,2
-3.59,-44.1,14.27,2
-3.89,-44.07,14.45,2
-5.34,-44.12,14.03,2
-3.95,-44.01,14.95,2
-6.52,-44.07,14.46,2
-5.11,-44.01,14.94,2
-6.69,-43.7,17.03,2
-7.34,-43.64,17.34,2
-6.43,-43.82,16.22,2
-7.03,-43.58,17.73,2
-6.16,-43.31,19.4,2
-6.56,-43.57,17.83,2
-5.94,-43.46,18.53,2
-6.66,-43.54,18.0,2
-5.82,-43.41,18.84,2
-4.84,-43.61,17.62,2
-6.52,-43.65,17.33,2
-6.82,-43.61,17.58,2
-6.14,-43.17,20.16,2
-6.13,-43.22,19.88,2
-5.79,-43.35,19.18,2
-5.82,-43.29,19.5,2
-6.66,-43.27,19.57,2
-5.82,-43.37,19.05,2
-5.77,-43.32,19.31,2
-5.22,-43.29,19.5,2
-4.51,-43.32,19.36,2
-4.8,-43.2,20.03,2
-5.07,-43.29,19.52,2
-4.57,-43.27,19.66,2
2.09,-7.35,-82.3,3
3.29,-6.44,-82.73,3
3.73,-7.11,-81.93,3
2.89,-7.55,-81.85,3
2.87,-6.5,-82.85,3
2.79,-9.07,-80.4,3
3.73,-5.76,-83.12,3
3.0,-7.47,-81.89,3
3.94,-5.91,-82.88,3
1.47,-6.87,-82.93,3
3.27,-6.17,-82.99,3
1.05,-7.05,-82.82,3
1.46,-8.52,-81.26,3
2.08,-6.79,-82.86,3
2.61,-7.68,-81.83,3
2.13,-7.77,-81.87,3
2.91,-7.34,-82.05,3
2.54,-7.83,-81.7,3
2.05,-7.77,-81.9,3
2.39,-9.18,-80.4,3
2.41,-7.82,-81.74,3
2.85,-7.26,-82.15,3
2.44,-8.33,-81.24,3
2.12,-7.44,-82.21,3
2.28,-7.1,-82.5,3
2.3,-7.72,-81.88,3
2.37,-7.38,-82.19,3
1.9,-7.93,-81.77,3
3.06,-8.07,-81.3,3
2.96,-7.74,-81.65,3
3.4,-8.88,-80.4,3
3.89,-9.59,-79.53,3
3.36,-9.3,-79.99,3
2.68,-9.29,-80.22,3
3.39,-8.85,-80.43,3
2.44,-8.67,-80.9,3
2.39,-10.41,-79.15,3
3.07,-8.14,-81.23,3
0.74,-9.16,-80.69,3
3.3,-9.23,-80.09,3
2.06,-9.24,-80.42,3
1.65,-8.26,-81.49,3
2.33,-7.8,-81.79,3
2.28,-9.04,-80.57,3
2.27,-8.65,-80.96,3
1.08,-8.86,-80.97,3
1.18,-8.57,-81.26,3
1.24,-8.82,-80.99,3
1.22,-9.77,-80.01,3
0.09,-10.58,-79.24,3
0.37,-8.96,-80.92,3
0.53,-9.03,-80.84,3
0.8,-7.74,-82.14,3
0.85,-9.63,-80.19,3
0.04,-8.58,-81.33,3
0.4,-8.19,-81.72,3
0.71,-8.94,-80.92,3
1.19,-9.09,-80.71,3
1.72,-7.41,-82.33,3
0.95,-8.29,-81.57,3
1.09,-8.03,-81.82,3
1.14,-8.63,-81.2,3
-0.24,-7.97,-81.95,3
-0.14,-8.58,-81.32,3
0.45,-7.94,-81.97,3
0.78,-7.78,-82.11,3
0.65,-8.47,-81.41,3
0.91,-9.58,-80.24,3
0.55,-8.57,-81.31,3
0.91,-8.25,-81.62,3
0.39,-8.27,-81.63,3
0.77,-7.61,-82.28,3
0.11,-7.71,-82.21,3
1.06,-9.31,-80.51,3
0.58,-8.94,-80.93,3
0.2,-8.96,-80.93,3
-0.13,-9.61,-80.25,3
0.37,-8.76,-81.13,3
0.7,-8.96,-80.9,3
-0.13,-8.39,-81.52,3
0.01,-8.54,-81.36,3
0.56,-9.39,-80.46,3
0.1,-8.69,-81.21,3
0.9599999,-9.52,-80.3,3
0.73,-9.16,-80.69,3
0.84,-9.63,-80.2,3
0.92,-9.4,-80.43,3
0.52,-9.45,-80.4,3
0.64,-9.69,-80.15,3
0.47,-9.73,-80.12,3
0.42,-9.2,-80.67,3
1.29,-8.82,-80.98,3
1.01,-9.05,-80.78,3
1.1,-9.7,-80.1,3
-0.03,-8.81,-81.08,3
-2.64,-8.87,-80.65,3
-2.11,-7.24,-82.41,3
-3.61,-8.08,-81.08,3
1.22,-7.46,-82.38,3
-1.07,-8.91,-80.92,3
0.42,-6.71,-83.23,3
2.72,-8.78,-80.71,3
1.46,-7.48,-82.32,3
4.15,-6.88,-81.92,3
3.9,-7.65,-81.36,3
5.15,-7.27,-81.05,3
1.22,-6.71,-83.13,3
2.9,-8.34,-81.09,3
2.42,-8.4,-81.17,3
2.95,-8.42,-81.0,3
2.68,-7.58,-81.9,3
1.94,-8.4,-81.29,3
1.32,-7.66,-82.16,3
2.78,-9.57,-79.91,3
2.66,-8.66,-80.85,3
1.8,-8.39,-81.33,3
2.06,-8.87,-80.79,3
2.3,-9.39,-80.21,3
2.06,-8.54,-81.13,3
1.63,-8.47,-81.29,3
2.9,-10.05,-79.39,3
1.47,-8.65,-81.13,3
1.97,-9.2,-80.48,3
2.1,-9.57,-80.07,3
2.46,-9.61,-79.95,3
2.27,-8.63,-80.98,3
1.81,-9.37,-80.34,3
1.65,-9.73,-79.99,3
1.44,-8.87,-80.91,3
2.56,-10.44,-79.08,3
1.47,-9.04,-80.73,3
1.42,-9.51,-80.25,3
2.87,-10.12,-79.32,3
1.36,-10.16,-79.59,3
2.37,-10.25,-79.32,3
2.15,-8.57,-81.07,3
2.39,-9.04,-80.55,3
2.14,-8.59,-81.06,3
3.11,-10.4,-78.98,3
1.64,-8.52,-81.23,3
1.75,-8.67,-81.06,3
1.95,-9.15,-80.53,3
2.39,-9.19,-80.39,3
1.01,-9.03,-80.8,3
2.0,-10.09,-79.55,3
2.33,-8.92,-80.68,3
1.66,-8.96,-80.78,3
2.18,-8.72,-80.91,3
1.75,-8.11,-81.63,3
2.35,-8.91,-80.68,3
1.8,-10.1,-79.59,3
1.04,-9.79,-80.01,3
2.54,-9.33,-80.21,3
1.54,-9.6,-80.14,3
1.26,-9.75,-80.02,3
1.14,-9.48,-80.32,3
1.24,-9.22,-80.58,3
0.68,-9.26,-80.59,3
0.48,-9.47,-80.38,3
1.49,-9.85,-79.89,3
1.25,-9.85,-79.93,3
1.13,-9.03,-80.79,3
1.07,-10.62,-79.14,3
1.3,-9.88,-79.88,3
1.5,-9.25,-80.51,3
1.06,-9.22,-80.6,3
1.32,-10.75,-78.98,3
0.94,-9.3,-80.52,3
0.31,-8.41,-81.49,3
0.51,-9.47,-80.39,3
1.1,-10.12,-79.66,3
1.3,-8.79,-81.02,3
0.93,-10.37,-79.41,3
1.19,-9.22,-80.58,3
2.19,-8.88,-80.75,3
1.3,-9.42,-80.37,3
1.64,-9.98,-79.73,3
2.01,-9.55,-80.11,3
1.13,-9.19,-80.62,3
1.68,-10.36,-79.34,3
1.91,-8.87,-80.82,3
1.46,-9.52,-80.24,3
2.35,-9.13,-80.46,3
1.65,-9.11,-80.63,3
1.48,-9.38,-80.38,3
1.58,-8.89,-80.86,3
1.55,-8.74,-81.02,3
1.96,-9.34,-80.33,3
1.93,-9.59,-80.09,3
1.58,-8.79,-80.96,3
1.81,-9.36,-80.35,3
2.23,-9.6,-80.02,3
2.31,-9.5,-80.09,3
2.28,-8.8,-80.81,3
2.35,-9.32,-80.27,3
1.97,-8.71,-80.98,3
1.32,-9.52,-80.25,3
1.56,-8.86,-80.9,3
1.15,-8.72,-81.1,3
1.44,-9.39,-80.38,3
1.06,-8.88,-80.95,3
0.63,-8.73,-81.14,3
2.31,-9.07,-80.53,3
1.56,-8.01,-81.76,3
1.48,-7.8,-81.99,3
1.3,-8.19,-81.62,3
1.42,-8.22,-81.58,3
0.92,-9.18,-80.66,3
1.42,-8.77,-81.01,3
2.03,-6.74,-82.92,3
0.73,-11.67,-78.06,3
0.58,-7.94,-81.96,3
0.1,-9.52,-80.34,3
0.73,-8.7,-81.17,3
1.12,-8.05,-81.79,3
0.04,-8.98,-80.9,3
1.59,-6.74,-83.03,3
-0.68,-7.07,-82.85,3
-1.66,-7.36,-82.4,3
-1.23,-7.35,-82.49,3
0.12,-7.09,-82.86,3
-1.45,-7.18,-82.62,3
-0.41,-7.31,-82.62,3
-1.76,-12.58,-76.99,3
1.37,-16.43,-72.8,3
0.0,-16.02,-73.31,3
0.42,-15.81,-73.55,3
0.34,-16.63,-72.61,3
-0.7,-14.42,-75.08,3
1.81,-16.14,-73.09,3
2.43,-15.4,-73.84,3
0.56,-13.51,-76.09,3
1.51,-11.99,-77.65,3
0.37,-13.72,-75.86,3
1.43,-12.28,-77.35,3
0.15,-10.13,-79.7,3
-0.89,-11.74,-77.97,3
1.05,-10.5,-79.27,3
0.36,-11.1,-78.68,3
-0.28,-12.24,-77.47,3
1.74,-9.68,-80.03,3
-0.06,-10.38,-79.44,3
0.21,-10.77,-79.04,3
0.59,-11.14,-78.63,3
-0.3,-10.94,-78.86,3
0.15,-9.73,-80.13,3
-0.14,-11.85,-77.89,3
0.11,-9.67,-80.19,3
0.27,-11.18,-78.59,3
0.01,-11.27,-78.5,3
0.94,-11.64,-78.07,3
-0.17,-10.73,-79.08,3
-0.45,-10.18,-79.65,3
0.83,-12.24,-77.44,3
0.03,-11.83,-77.91,3
0.73,-12.13,-77.57,3
0.75,-12.25,-77.44,3
0.74,-12.8,-76.85,3
1.99,-11.31,-78.3,3
1.15,-11.88,-77.81,3
1.25,-12.35,-77.3,3
0.45,-12.86,-76.8,3
1.12,-12.89,-76.73,3
0.26,-12.44,-77.26,3
0.25,-12.19,-77.52,3
0.8,-12.78,-76.87,3
0.03,-14.47,-75.05,3
0.7,-14.45,-75.05,3
0.18,-13.68,-75.91,3
-0.31,-15.36,-74.06,3
0.9700001,-14.03,-75.5,3
0.08,-14.9,-74.57,3
1.62,-13.38,-76.15,3
-0.35,-14.56,-74.94,3
0.83,-13.08,-76.54,3
0.0,-13.04,-76.61,3
0.85,-13.61,-75.96,3
0.67,-13.83,-75.74,3
0.59,-15.84,-73.51,3
2.04,-14.72,-74.63,3
1.3,-13.95,-75.56,3
1.24,-14.26,-75.23,3
-0.24,-11.14,-78.64,3
1.67,-15.18,-74.17,3
1.06,-14.8,-74.64,3
1.85,-15.28,-74.05,3
1.33,-15.75,-73.57,3
2.05,-12.39,-77.14,3
1.79,-15.96,-73.29,3
1.28,-16.39,-72.85,3
1.72,-17.25,-71.83,3
1.45,-18.13,-70.83,3
1.47,-17.38,-71.7,3
1.23,-15.9,-73.4,3
1.04,-17.26,-71.88,3
1.78,-17.76,-71.23,3
1.01,-16.51,-72.73,3
1.11,-15.81,-73.52,3
0.55,-14.42,-75.09,3
0.43,-15.43,-73.97,3
0.81,-9.09,-80.75,3
-0.54,-6.79,-83.14,3
-1.16,-0.54,-88.72,3
0.74,2.76,-87.14,3
-1.52,2.05,-87.45,3
-2.35,1.05,-87.43,3
-2.03,0.8,-87.82,3
-2.98,2.83,-85.88,3
-3.37,0.62,-86.57,3
-3.71,2.62,-85.45,3
-4.01,-1.24,-85.81,3
-2.53,-1.52,-87.05,3
-2.61,-0.14,-87.39,3
-3.55,-2.1,-85.88,3
-3.07,-1.9,-86.39,3
-2.86,-2.9,-85.93,3
-2.35,-2.62,-86.48,3
-2.68,-2.1,-86.6,3
-2.0,-3.43,-86.03,3
-1.44,-3.75,-85.98,3
-1.96,-3.53,-85.96,3
-0.93,-3.37,-86.5,3
-0.23,-4.08,-85.9,3
-0.73,-4.22,-85.7,3
-0.68,-4.18,-85.75,3
-2.51,-3.52,-85.67,3
-1.87,-5.17,-84.49,3
-0.53,-3.88,-86.08,3
-1.12,-4.77,-85.08,3
-1.46,-4.84,-84.93,3
-0.6,-4.39,-85.55,3
-1.34,-4.75,-85.05,3
-1.04,-3.75,-86.1,3
-0.39,-3.36,-86.61,3
-0.92,-4.09,-85.79,3
-0.86,-3.09,-86.79,3
-0.4,-4.14,-85.83,3
-1.06,-3.96,-85.9,3
-0.36,-3.09,-86.88,3
-1.95,-3.17,-86.28,3
-0.45,-3.75,-86.22,3
-0.17,-4.15,-85.83,3
-0.46,-4.34,-85.62,3
-0.25,-5.15,-84.83,3
-0.88,-4.93,-84.97,3
0.45,-3.45,-86.52,3
0.67,-5.06,-84.88,3
0.4,-3.77,-86.2,3
0.31,-4.38,-85.59,3
0.79,-4.85,-85.07,3
0.03,-3.28,-86.71,3
0.32,-3.95,-86.03,3
2.49,-3.4,-85.78,3
2.24,-7.31,-82.3,3
0.63,-4.83,-85.11,3
0.48,-1.93,-88.01,3
-0.24,-4.28,-85.7,3
-0.5,-3.99,-85.97,3
-2.64,-4.12,-85.1,3
-2.48,-4.74,-84.64,3
-3.0,-4.93,-84.22,3
-2.67,-5.37,-83.98,3
-2.82,-4.39,-84.77,3
-2.66,-5.8,-83.59,3
-2.33,-4.98,-84.49,3
-2.8,-5.2,-84.08,3
-1.55,-5.87,-83.9,3
-2.94,-5.53,-83.72,3
-1.62,-5.16,-84.57,3
-2.31,-4.96,-84.51,3
-1.52,-4.59,-85.15,3
-1.66,-4.72,-84.98,3
-1.45,-5.44,-84.34,3
-0.88,-3.57,-86.31,3
-2.64,-5.28,-84.08,3
-2.11,-3.0,-86.33,3
-0.33,-1.84,-88.13,3
-2.3,2.8,-86.37,3
-2.33,6.4,-83.15,3
-1.18,12.52,-77.11,3
-2.13,12.01,-77.54,3
-1.78,11.24,-78.4,3
-2.74,12.01,-77.42,3
-1.59,12.03,-77.59,3
-2.18,13.54,-75.9,3
-2.31,13.56,-75.86,3
-2.75,13.68,-75.65,3
-2.34,11.94,-77.58,3
-2.63,12.52,-76.91,3
-3.24,11.72,-77.6,3
-4.15,11.66,-77.4,3
-2.31,12.75,-76.73,3
-2.36,9.92,-79.66,3
-2.7,11.26,-78.21,3
-3.28,10.38,-78.95,3
-2.85,12.03,-77.38,3
-3.26,11.16,-78.17,3
-3.14,11.87,-77.47,3
-3.47,12.82,-76.41,3
-3.43,11.54,-77.73,3
-2.63,11.21,-78.27,3
-3.2,12.5,-76.81,3
-3.16,11.63,-77.72,3
-3.46,11.07,-78.2,3
-2.3,11.63,-77.9,3
-3.09,12.12,-77.23,3
-2.96,12.12,-77.26,3
-2.44,11.2,-78.33,3
-3.39,12.32,-76.95,3
-2.2,10.46,-79.14,3
-3.23,10.6,-78.74,3
-3.63,10.83,-78.4,3
-2.32,11.81,-77.71,3
-2.38,12.39,-77.09,3
-3.71,10.85,-78.35,3
-3.44,10.94,-78.34,3
-2.71,11.17,-78.3,3
-3.12,10.59,-78.78,3
-3.49,10.96,-78.31,3
-3.29,10.8,-78.53,3
-3.52,11.67,-77.57,3
-4.36,11.44,-77.54,3
-3.16,11.97,-77.37,3
-3.32,11.94,-77.36,3
-2.64,10.64,-78.86,3
-2.72,11.89,-77.55,3
-3.27,11.99,-77.32,3
-3.2,13.19,-76.08,3
-3.11,11.32,-78.05,3
-2.08,12.31,-77.22,3
-3.3,14.89,-74.24,3
-3.39,14.16,-75.01,3
-3.26,14.17,-75.03,3
-3.09,11.73,-77.63,3
-2.18,12.86,-76.62,3
-2.39,11.93,-77.58,3
-2.65,12.12,-77.33,3
-2.14,12.95,-76.54,3
-1.65,13.19,-76.35,3
-1.5,14.52,-74.92,3
-1.31,13.35,-76.21,3
-1.67,13.68,-75.82,3
-2.64,13.5,-75.87,3
-2.34,12.69,-76.78,3
-2.5,13.55,-75.84,3
-1.69,14.03,-75.44,3
-2.06,14.15,-75.26,3
-2.32,12.48,-77.0,3
-1.58,13.1,-76.46,3
-1.54,13.75,-75.75,3
-2.84,12.99,-76.37,3
-3.21,13.94,-75.28,3
-2.08,14.29,-75.1,3
-3.06,12.77,-76.56,3
-2.71,13.33,-76.03,3
-2.48,12.2,-77.27,3
-1.82,13.55,-75.93,3
-2.57,13.63,-75.74,3
-1.05,12.61,-77.03,3
-2.63,13.08,-76.31,3
-0.89,12.85,-76.78,3
-1.79,12.96,-76.58,3
-1.97,13.58,-75.89,3
-1.49,12.62,-76.98,3
-2.04,12.18,-77.37,3
-1.96,12.19,-77.38,3
-1.66,13.63,-75.87,3
-2.46,12.27,-77.2,3
-2.82,12.73,-76.65,3
-3.21,13.95,-75.27,3
-2.48,12.53,-76.93,3
-2.45,13.43,-75.97,3
-2.03,13.14,-76.35,3
-1.58,13.85,-75.64,3
-2.35,13.0,-76.45,3
-1.05,14.53,-74.94,3
-1.32,14.49,-74.97,3
-1.28,13.34,-76.23,3
-0.31,14.26,-75.27,3
-1.95,14.04,-75.39,3
-1.55,16.04,-73.22,3
-1.46,14.34,-75.12,3
-0.55,14.91,-74.55,3
-1.53,15.37,-73.98,3
-1.23,13.76,-75.78,3
-0.8,13.39,-76.21,3
-0.27,13.91,-75.66,3
-1.72,13.46,-76.05,3
-1.31,13.66,-75.88,3
-1.23,10.45,-79.3,3
2.4,15.11,-74.16,3
-0.06,13.26,-76.37,3
3.52,14.16,-74.98,3
-0.13,11.86,-77.88,3
0.78,14.44,-75.06,3
0.3,13.23,-76.4,3
1.31,24.14,-63.35,3
3.48,15.32,-73.73,3
1.89,14.92,-74.43,3
1.38,14.96,-74.44,3
4.38,15.33,-73.51,3
4.31,16.95,-71.75,3
2.67,14.35,-74.94,3
3.05,19.16,-69.45,3
2.15,16.8,-72.3,3
0.46,18.55,-70.39,3
0.92,19.36,-69.41,3
-1.87,18.35,-70.54,3
-1.94,20.5,-67.96,3
1.65,20.35,-68.16,3
1.06,19.5,-69.24,3
-0.24,17.71,-71.38,3
1.51,18.73,-70.12,3
0.82,20.76,-67.71,3
0.47,19.16,-69.66,3
0.09,19.42,-69.36,3
-0.14,21.23,-67.14,3
-2.11,19.83,-68.77,3
-0.23,21.26,-67.1,3
0.6,21.16,-67.22,3
-0.61,20.13,-68.49,3
0.45,20.1,-68.53,3
0.63,20.44,-68.11,3
-1.5,16.31,-72.93,3
0.76,13.56,-76.03,3
-1.05,8.63,-81.21,3
0.32,4.51,-85.46,3
1.66,1.57,-87.72,3
0.4,2.46,-87.51,3
2.18,2.69,-86.54,3
0.6,0.85,-88.96,3
2.75,1.1,-87.04,3
1.57,1.23,-88.0,3
0.79,-0.25,-89.17,3
1.29,-0.41,-88.64,3
1.87,-0.09,-88.13,3
3.19,-1.07,-86.64,3
3.37,-0.19,-86.62,3
2.38,-0.07,-87.61,3
2.58,0.3,-87.4,3
2.12,-0.64,-87.78,3
1.94,0.13,-88.06,3
1.33,-0.03,-88.67,3
2.65,1.28,-87.06,3
3.21,1.0,-86.63,3
2.4,-0.55,-87.54,3
2.35,0.37,-87.62,3
2.2,0.4,-87.76,3
2.0,-0.29,-87.98,3
2.46,0.15,-87.53,3
3.19,-0.52,-86.77,3
2.45,-0.89,-87.39,3
3.2,-0.08,-86.8,3
3.58,0.23,-86.41,3
4.08,-0.62,-85.88,3
3.6,-0.17,-86.39,3
3.88,-1.48,-85.85,3
3.94,-0.18,-86.06,3
4.52,0.73,-85.42,3
3.39,-0.23,-86.6,3
2.98,0.24,-87.01,3
4.18,0.35,-85.81,3
3.9,0.77,-86.03,3
2.66,-1.23,-87.07,3
1.4,-0.84,-88.37,3
1.84,0.76,-88.01,3
-0.21,0.91,-89.07,3
1.6,3.48,-86.16,3
-0.76,-2.57,-87.32,3
-1.38,0.29,-88.59,3
-3.63,-3.6,-84.88,3
-4.5,-0.12,-85.5,3
-3.86,0.31,-86.13,3
-3.69,-0.93,-86.2,3
-3.24,-0.33,-86.75,3
-2.03,-1.07,-87.71,3
0.06,-1.08,-88.92,3
3.19,-2.7,-85.83,3
-1.58,-0.12,-88.42,3
0.07,-1.22,-88.78,3
0.62,-1.24,-88.61,3
1.38,-1.64,-87.86,3
1.55,-2.45,-87.1,3
-0.95,-3.19,-86.66,3
-0.82,-4.76,-85.15,3
-1.02,-4.93,-84.95,3
-4.49,-2.62,-84.8,3
-2.5,-3.95,-85.32,3
0.24,-2.72,-87.26,3
-11.36,-1.72,-78.51,3
-4.47,-4.19,-83.87,3
-2.25,-0.0,-87.75,3
-4.12,-0.23,-85.88,3
2.22,-6.9,-82.7,3
-5.79,-9.29,-78.96,3
-2.53,-6.36,-83.12,3
-2.53,-0.49,-87.43,3
-5.18,1.66,-84.56,3
-1.25,-1.91,-87.72,3
-2.86,-1.25,-86.88,3
0.08,-2.47,-87.53,3
1.61,-1.48,-87.81,3
2.47,-2.06,-86.79,3
3.52,-3.32,-85.16,3
2.29,-0.33,-87.69,3
2.53,-2.15,-86.68,3
2.02,-0.44,-87.94,3
2.3,-1.18,-87.41,3
0.81,-0.03,-89.19,3
-0.54,0.38,-89.34,3
0.63,-2.8,-87.12,3
0.37,0.23,-89.56,3
-3.97,-1.29,-85.83,3
-2.43,2.9,-86.22,3
-1.58,0.48,-88.35,3
-0.06,0.03,-89.94,3
-4.1,-5.18,-83.38,3
-3.61,-1.21,-86.19,3
-3.51,-0.62,-86.43,3
-5.02,-2.99,-84.16,3
-4.48,-1.26,-85.35,3
-5.02,-3.54,-83.86,3
-6.08,-0.45,-83.9,3
-5.37,0.68,-84.59,3
-5.59,-0.9700001,-84.33,3
-4.05,0.33,-85.94,3
-6.08,-2.33,-83.49,3
-7.93,1.79,-81.87,3
-6.01,2.3,-83.57,3
-4.65,1.05,-85.23,3
-1.8,0.85,-88.01,3
-3.02,-1.88,-86.45,3
-2.22,-1.14,-87.51,3
-2.04,2.9,-86.45,3
-4.02,-2.41,-85.31,3
-1.6,-3.1,-86.51,3
-1.76,-1.54,-87.66,3
-1.85,-1.75,-87.45,3
-2.07,-1.57,-87.4,3
-1.72,-1.3,-87.84,3
-2.2,-0.84,-87.65,3
-1.46,-1.36,-88.01,3
-1.57,-1.6,-87.75,3
-0.92,-1.37,-88.35,3
-0.53,-0.84,-89.01,3
-1.74,-1.25,-87.85,3
-0.28,-1.36,-88.61,3
-0.91,-1.37,-88.35,3
-1.78,-1.56,-87.63,3
-0.47,-2.01,-87.93,3
-0.52,-0.9,-88.96,3
-0.57,-1.31,-88.57,3
-0.74,-1.37,-88.44,3
-0.78,-0.85,-88.84,3
-0.95,-0.53,-88.91,3
0.43,-0.98,-88.93,3
-0.51,-0.62,-89.2,3
-0.1,-0.48,-89.51,3
-0.56,0.36,-89.34,3
0.0,0.04,-89.96,3
-1.23,-4.6,-85.23,3
-1.15,-8.04,-81.8,3
-0.28,-11.46,-78.3,3
-1.1,-17.18,-71.96,3
-0.32,-15.86,-73.49,3
-1.29,-16.63,-72.58,3
-2.02,-15.85,-73.38,3
-2.34,-15.26,-74.01,3
-1.24,-17.16,-71.97,3
-1.53,-15.98,-73.29,3
-1.93,-16.63,-72.52,3
-2.3,-18.33,-70.53,3
-1.53,-15.59,-73.73,3
-1.86,-15.22,-74.11,3
-1.56,-16.17,-73.07,3
-0.65,-15.51,-73.88,3
-0.83,-16.2,-73.09,3
-0.61,-16.53,-72.73,3
-0.99,-16.3,-72.97,3
-1.27,-17.01,-72.14,3
-1.43,-16.43,-72.79,3
-1.66,-16.27,-72.95,3
-1.38,-16.35,-72.88,3
-0.52,-16.52,-72.74,3
-1.75,-15.76,-73.52,3
-1.25,-15.5,-73.85,3
-1.05,-15.41,-73.96,3
-0.45,-15.08,-74.36,3
-0.95,-15.32,-74.08,3
-1.04,-14.77,-74.68,3
-1.32,-14.78,-74.65,3
-0.88,-15.1,-74.33,3
-0.65,-14.49,-75.01,3
-0.47,-14.71,-74.77,3
-1.03,-14.04,-75.48,3
0.26,-15.04,-74.41,3
-1.05,-14.37,-75.12,3
-0.68,-14.68,-74.8,3
0.14,-14.76,-74.73,3
-0.24,-15.35,-74.06,3
0.08,-15.06,-74.39,3
0.44,-15.33,-74.09,3
0.27,-15.53,-73.86,3
0.11,-14.99,-74.47,3
-0.56,-15.82,-73.54,3
-0.1,-15.34,-74.07,3
-0.56,-14.93,-74.52,3
0.52,-15.81,-73.54,3
0.04,-15.79,-73.58,3
0.11,-15.22,-74.21,3
0.38,-14.8,-74.68,3
0.37,-15.22,-74.21,3
0.34,-14.8,-74.68,3
0.11,-14.58,-74.92,3
0.85,-15.19,-74.23,3
1.24,-15.77,-73.56,3
0.62,-15.88,-73.46,3
0.35,-15.51,-73.89,3
1.06,-13.72,-75.83,3
0.07,-10.77,-79.04,3
1.26,-7.54,-82.29,3
0.58,-1.83,-88.08,3
-0.73,-0.35,-89.19,3
-1.01,1.0,-88.58,3
-4.05,-1.14,-85.8,3
-2.16,0.28,-87.82,3
-2.4,-0.88,-87.45,3
-2.28,-1.86,-87.06,3
-1.55,-0.89,-88.21,3
-1.41,5.85,-83.95,3
-2.35,8.0,-81.59,3
-2.53,9.5,-80.05,3
-2.07,11.91,-77.65,3
0.09,12.78,-76.89,3
-1.91,12.6,-76.95,3
-0.72,13.21,-76.41,3
-1.76,12.94,-76.6,3
-1.29,13.15,-76.42,3
-1.63,12.05,-77.57,3
-0.45,12.31,-77.38,3
-1.18,11.94,-77.73,3
-1.27,12.06,-77.6,3
-0.85,11.14,-78.61,3
-0.67,11.72,-78.01,3
-0.67,12.02,-77.69,3
-0.66,12.45,-77.23,3
-0.1,13.1,-76.55,3
-1.08,12.75,-76.88,3
-0.45,12.68,-76.99,3
-0.91,12.7,-76.95,3
-0.06,12.33,-77.38,3
-1.02,12.13,-77.55,3
-0.54,12.1,-77.61,3
-0.52,11.47,-78.28,3
0.38,11.23,-78.55,3
0.75,11.95,-77.76,3
0.38,12.05,-77.67,3
-0.06,11.87,-77.86,3
0.38,11.81,-77.92,3
0.51,12.26,-77.44,3
0.34,12.06,-77.66,3
-0.15,11.93,-77.81,3
0.37,12.07,-77.65,3
-0.35,11.75,-77.99,3
0.22,11.85,-77.89,3
0.38,12.04,-77.68,3
-0.03,12.15,-77.56,3
-0.26,11.97,-77.76,3
0.25,12.31,-77.39,3
0.82,12.54,-77.12,3
0.73,12.74,-76.92,3
0.41,12.82,-76.84,3
0.78,12.29,-77.39,3
0.63,12.82,-76.83,3
0.49,13.1,-76.53,3
0.35,12.72,-76.95,3
0.36,12.92,-76.73,3
0.0,13.32,-76.31,3
0.76,14.22,-75.3,3
0.35,13.64,-75.95,3
0.47,13.81,-75.77,3
0.62,13.34,-76.26,3
0.62,14.01,-75.54,3
0.24,14.03,-75.53,3
0.53,12.92,-76.73,3
-0.01,13.98,-75.58,3
-0.03,13.48,-76.14,3
-0.28,13.69,-75.9,3
0.44,13.6,-75.99,3
1.0,13.2,-76.39,3
1.38,13.51,-76.03,3
0.49,12.26,-77.44,3
0.78,12.32,-77.36,3
0.57,12.97,-76.67,3
0.83,12.56,-77.1,3
0.91,12.06,-77.63,3
0.6,12.38,-77.3,3
0.68,12.01,-77.7,3
0.65,11.64,-78.1,3
1.18,10.47,-79.28,3
0.22,11.14,-78.64,3
1.4,10.88,-78.83,3
0.74,10.55,-79.24,3
0.79,10.45,-79.34,3
0.57,10.11,-79.71,3
0.58,10.83,-78.96,3
0.93,10.38,-79.4,3
0.53,10.3,-79.52,3
1.64,10.44,-79.26,3
1.16,11.28,-78.44,3
0.16,11.11,-78.67,3
0.91,11.18,-78.57,3
0.73,11.16,-78.6,3
1.14,11.07,-78.67,3
0.89,10.54,-79.24,3
0.66,11.33,-78.43,3
1.42,11.23,-78.46,3
1.12,10.55,-79.21,3
0.72,10.76,-79.02,3
1.32,11.38,-78.32,3
0.33,10.69,-79.11,3
0.63,10.63,-79.17,3
0.76,7.98,-81.9,3
0.16,5.9,-84.07,3
0.3,3.7,-86.28,3
-0.04,1.73,-88.27,3
0.0,0.74,-89.26,3
0.68,0.4,-89.21,3
1.34,1.03,-88.31,3
1.06,0.65,-88.75,3
0.5,0.33,-89.4,3
0.52,0.1,-89.47,3
-0.1,-1.39,-88.6,3
-0.73,-2.01,-87.86,3
-0.24,-1.91,-88.08,3
-0.78,-3.14,-86.76,3
-0.32,-2.82,-87.16,3
-0.78,-3.09,-86.81,3
-0.82,-2.48,-87.39,3
-1.08,-2.56,-87.22,3
-0.86,-2.41,-87.44,3
0.14,-2.14,-87.86,3
-0.43,-2.59,-87.37,3
1.27,-2.29,-87.38,3
0.12,-2.5,-87.49,3
0.13,-2.63,-87.37,3
0.94,-3.2,-86.66,3
-0.1,-1.67,-88.33,3
-1.2,-5.03,-84.8,3
-1.33,-3.78,-85.99,3
-1.85,-0.86,-87.96,3
-2.25,-3.14,-86.13,3
-1.92,-3.14,-86.32,3
-2.05,-2.38,-86.86,3
-2.01,-3.56,-85.91,3
-2.1,-2.14,-87.0,3
-1.3,-1.43,-88.06,3
-0.81,-0.9700001,-88.74,3
-0.92,-2.67,-87.18,3
-1.74,-3.34,-86.23,3
-1.69,-2.26,-87.18,3
-1.84,-0.37,-88.12,3
-1.69,-0.84,-88.11,3
-1.52,-2.1,-87.41,3
-1.58,-2.33,-87.18,3
-2.58,-5.21,-84.17,3
-1.86,-2.94,-86.52,3
-1.28,-2.35,-87.32,3
-1.26,-1.67,-87.91,3
-0.77,-2.1,-87.76,3
-1.08,-1.73,-87.96,3
-0.86,-1.12,-88.59,3
-0.49,-2.23,-87.71,3
-0.35,-2.09,-87.88,3
0.14,-2.53,-87.46,3
-0.91,-2.43,-87.4,3
-0.01,-3.6,-86.39,3
-2.61,-1.07,-87.18,3
-1.45,-0.0,-88.55,3
-2.35,-0.94,-87.47,3
0.76,-0.91,-88.81,3
-0.04,-1.85,-88.15,3
-2.73,-1.88,-86.68,3
0.03,-1.28,-88.72,3
0.09,-1.06,-88.93,3
1.82,-1.06,-87.89,3
-0.2,-1.03,-88.95,3
-0.04,-2.02,-87.98,3
-1.74,-1.71,-87.56,3
-0.68,-1.03,-88.76,3
-0.23,-1.06,-88.91,3
-0.56,-1.48,-88.42,3
0.76,-1.69,-88.15,3
0.73,-0.68,-89.01,3
-0.36,-0.82,-89.11,3
0.87,0.23,-89.1,3
0.0,-0.69,-89.31,3
0.61,-0.8,-88.99,3
0.68,0.87,-88.9,3
0.42,0.66,-89.22,3
-0.06,0.6,-89.4,3
0.39,0.64,-89.25,3
0.48,-1.49,-88.44,3
0.04,0.85,-89.15,3
0.16,-1.24,-88.75,3
-0.88,-0.23,-89.09,3
0.89,-0.45,-89.0,3
1.25,-0.5,-88.66,3
0.9700001,-0.65,-88.84,3
0.56,0.34,-89.34,3
1.3,-2.27,-87.38,3
1.0,-2.66,-87.16,3
0.77,-1.11,-88.65,3
-0.04,-2.87,-87.13,3
0.48,-2.77,-87.19,3
-0.29,-3.62,-86.36,3
0.7,-3.13,-86.79,3
0.56,-3.24,-86.71,3
0.53,-2.72,-87.22,3
0.01,-2.63,-87.36,3
0.1,-1.85,-88.15,3
-0.61,-2.38,-87.54,3
0.1,-2.99,-87.0,3
1.05,-2.96,-86.85,3
0.89,-3.14,-86.73,3
1.74,-3.49,-86.1,3
0.66,-1.42,-88.43,3
1.31,-2.24,-87.4,3
1.99,-1.73,-87.36,3
1.52,-2.52,-87.06,3
1.02,-1.95,-87.8,3
1.84,-2.37,-87.0,3
0.76,-2.32,-87.55,3
1.63,-2.06,-87.37,3
1.37,-2.06,-87.53,3
1.96,-2.35,-86.93,3
1.88,-2.16,-87.14,3
1.58,-1.68,-87.69,3
2.03,-1.99,-87.16,3
1.53,-1.21,-88.05,3
1.63,-1.5,-87.79,3
1.66,-1.69,-87.63,3
1.31,-1.71,-87.85,3
1.38,-1.81,-87.72,3
1.82,-1.37,-87.72,3
2.16,-1.26,-87.5,3
2.17,-1.42,-87.41,3
3.24,-2.25,-86.06,3
2.19,-2.75,-86.48,3
2.25,-2.57,-86.58,3
2.57,-2.33,-86.53,3
2.02,-2.58,-86.72,3
3.21,-2.74,-85.78,3
2.46,-2.49,-86.5,3
1.87,-1.55,-87.57,3
2.56,-2.15,-86.65,3
2.92,-2.5,-86.15,3
2.64,-1.77,-86.82,3
1.88,-2.41,-86.95,3
1.92,-1.83,-87.35,3
2.28,-2.62,-86.52,3
3.58,-2.56,-85.6,3
1.84,-2.32,-87.04,3
2.43,-2.28,-86.66,3
1.83,-2.41,-86.98,3
1.31,-1.56,-87.96,3
2.77,-2.31,-86.4,3
1.73,-2.12,-87.26,3
2.29,-2.74,-86.43,3
2.13,-2.62,-86.62,3
2.35,-2.61,-86.48,3
1.81,-2.14,-87.2,3
1.92,-2.48,-86.86,3
2.23,-2.65,-86.53,3
2.2,-2.83,-86.41,3
2.21,-1.97,-87.03,3
2.46,-2.72,-86.33,3
1.95,-3.23,-86.23,3
2.57,-3.16,-85.92,3
2.71,-3.2,-85.8,3
2.4,-3.0,-86.16,3
1.98,-3.29,-86.15,3
1.8,-3.36,-86.19,3
2.5,-3.12,-86.0,3
1.33,-2.99,-86.73,3
1.31,-3.46,-86.29,3
1.49,-2.9,-86.73,3
1.64,-2.77,-86.78,3
1.81,-2.97,-86.52,3
1.97,-2.97,-86.44,3
1.95,-2.36,-86.94,3
1.89,-2.32,-87.01,3
1.42,-3.37,-86.33,3
1.81,-2.81,-86.65,3
1.39,-2.83,-86.85,3
1.73,-2.61,-86.87,3
2.08,-3.6,-85.84,3
2.2,-2.82,-86.42,3
1.47,-3.03,-86.63,3
1.74,-2.9,-86.62,3
